ProcessName,RegionName,Time,Parameter,Unit,Central,Eastern,Western,Northwest,North,Northeast,BajaCalif,BajaCalifSouth,Peninsular
BIO,Central,2020,cap_par,MUSD/PJ,96.7212313,116.0654776,116.0654776,386.8849252,386.8849252,386.8849252,386.8849252,386.8849252,386.8849252
BIO_CCS,Central,2020,cap_par,MUSD/PJ,155.6358597,186.7630316,186.7630316,622.5434388,622.5434388,622.5434388,622.5434388,622.5434388,622.5434388
COAL,Central,2020,cap_par,MUSD/PJ,45.76448902,54.91738682,54.91738682,183.0579561,183.0579561,183.0579561,183.0579561,183.0579561,183.0579561
COAL_CCS,Central,2020,cap_par,MUSD/PJ,91.528978,109.8347736,109.8347736,366.115912,366.115912,366.115912,366.115912,366.115912,366.115912
GAS_GT,Central,2020,cap_par,MUSD/PJ,17.61349516,21.13619419,21.13619419,70.45398064,70.45398064,70.45398064,70.45398064,70.45398064,70.45398064
GAS_CC,Central,2020,cap_par,MUSD/PJ,24.16946163,29.00335396,29.00335396,96.67784652,96.67784652,96.67784652,96.67784652,96.67784652,96.67784652
GAS_CC_CCS,Central,2020,cap_par,MUSD/PJ,39.87961169,47.85553403,47.85553403,159.5184468,159.5184468,159.5184468,159.5184468,159.5184468,159.5184468
OIL,Central,2020,cap_par,MUSD/PJ,44.0337379,52.84048548,52.84048548,176.1349516,176.1349516,176.1349516,176.1349516,176.1349516,176.1349516
GEOTH,Central,2020,cap_par,MUSD/PJ,261.2740281,313.5288337,313.5288337,1045.096112,1045.096112,1045.096112,1045.096112,1045.096112,1045.096112
HYD,Central,2020,cap_par,MUSD/PJ,50.09136676,60.10964011,60.10964011,200.365467,200.365467,200.365467,200.365467,200.365467,200.365467
WIND_ON,Central,2020,cap_par,MUSD/PJ,51.09268512,61.31122214,61.31122214,204.3707405,204.3707405,204.3707405,204.3707405,204.3707405,204.3707405
WIND_OFF,Central,2020,cap_par,MUSD/PJ,132.1765251,158.6118301,158.6118301,528.7061004,528.7061004,528.7061004,528.7061004,528.7061004,528.7061004
PV_GND,Central,2020,cap_par,MUSD/PJ,63.65439379,76.38527255,76.38527255,254.6175752,254.6175752,254.6175752,254.6175752,254.6175752,254.6175752
PV_RFT,Central,2020,cap_par,MUSD/PJ,131.5524138,157.8628966,157.8628966,526.2096552,526.2096552,526.2096552,526.2096552,526.2096552,526.2096552
NUCL,Central,2020,cap_par,MUSD/PJ,157.68,189.216,189.216,630.72,630.72,630.72,630.72,630.72,630.72
BIO,Eastern,2020,cap_par,MUSD/PJ,116.0654776,96.7212313,116.0654776,464.2619102,464.2619102,464.2619102,464.2619102,464.2619102,464.2619102
BIO_CCS,Eastern,2020,cap_par,MUSD/PJ,186.7630316,155.6358597,186.7630316,747.0521266,747.0521266,747.0521266,747.0521266,747.0521266,747.0521266
COAL,Eastern,2020,cap_par,MUSD/PJ,54.91738682,45.76448902,54.91738682,219.6695473,219.6695473,219.6695473,219.6695473,219.6695473,219.6695473
COAL_CCS,Eastern,2020,cap_par,MUSD/PJ,109.8347736,91.528978,109.8347736,439.3390944,439.3390944,439.3390944,439.3390944,439.3390944,439.3390944
GAS_GT,Eastern,2020,cap_par,MUSD/PJ,21.13619419,17.61349516,21.13619419,84.54477677,84.54477677,84.54477677,84.54477677,84.54477677,84.54477677
GAS_CC,Eastern,2020,cap_par,MUSD/PJ,29.00335396,24.16946163,29.00335396,116.0134158,116.0134158,116.0134158,116.0134158,116.0134158,116.0134158
GAS_CC_CCS,Eastern,2020,cap_par,MUSD/PJ,47.85553403,39.87961169,47.85553403,191.4221361,191.4221361,191.4221361,191.4221361,191.4221361,191.4221361
OIL,Eastern,2020,cap_par,MUSD/PJ,52.84048548,44.0337379,52.84048548,211.3619419,211.3619419,211.3619419,211.3619419,211.3619419,211.3619419
GEOTH,Eastern,2020,cap_par,MUSD/PJ,313.5288337,261.2740281,313.5288337,1254.115335,1254.115335,1254.115335,1254.115335,1254.115335,1254.115335
HYD,Eastern,2020,cap_par,MUSD/PJ,60.10964011,50.09136676,60.10964011,240.4385604,240.4385604,240.4385604,240.4385604,240.4385604,240.4385604
WIND_ON,Eastern,2020,cap_par,MUSD/PJ,61.31122214,51.09268512,61.31122214,245.2448886,245.2448886,245.2448886,245.2448886,245.2448886,245.2448886
WIND_OFF,Eastern,2020,cap_par,MUSD/PJ,158.6118301,132.1765251,158.6118301,634.4473205,634.4473205,634.4473205,634.4473205,634.4473205,634.4473205
PV_GND,Eastern,2020,cap_par,MUSD/PJ,76.38527255,63.65439379,76.38527255,305.5410902,305.5410902,305.5410902,305.5410902,305.5410902,305.5410902
PV_RFT,Eastern,2020,cap_par,MUSD/PJ,157.8628966,131.5524138,157.8628966,631.4515862,631.4515862,631.4515862,631.4515862,631.4515862,631.4515862
NUCL,Eastern,2020,cap_par,MUSD/PJ,189.216,157.68,189.216,756.864,756.864,756.864,756.864,756.864,756.864
BIO,Western,2020,cap_par,MUSD/PJ,116.0654776,116.0654776,96.7212313,116.0654776,116.0654776,116.0654776,386.8849252,386.8849252,386.8849252
BIO_CCS,Western,2020,cap_par,MUSD/PJ,186.7630316,186.7630316,155.6358597,186.7630316,186.7630316,186.7630316,622.5434388,622.5434388,622.5434388
COAL,Western,2020,cap_par,MUSD/PJ,54.91738682,54.91738682,45.76448902,54.91738682,54.91738682,54.91738682,183.0579561,183.0579561,183.0579561
COAL_CCS,Western,2020,cap_par,MUSD/PJ,109.8347736,109.8347736,91.528978,109.8347736,109.8347736,109.8347736,366.115912,366.115912,366.115912
GAS_GT,Western,2020,cap_par,MUSD/PJ,21.13619419,21.13619419,17.61349516,21.13619419,21.13619419,21.13619419,70.45398064,70.45398064,70.45398064
GAS_CC,Western,2020,cap_par,MUSD/PJ,29.00335396,29.00335396,24.16946163,29.00335396,29.00335396,29.00335396,96.67784652,96.67784652,96.67784652
GAS_CC_CCS,Western,2020,cap_par,MUSD/PJ,47.85553403,47.85553403,39.87961169,47.85553403,47.85553403,47.85553403,159.5184468,159.5184468,159.5184468
OIL,Western,2020,cap_par,MUSD/PJ,52.84048548,52.84048548,44.0337379,52.84048548,52.84048548,52.84048548,176.1349516,176.1349516,176.1349516
GEOTH,Western,2020,cap_par,MUSD/PJ,313.5288337,313.5288337,261.2740281,313.5288337,313.5288337,313.5288337,1045.096112,1045.096112,1045.096112
HYD,Western,2020,cap_par,MUSD/PJ,60.10964011,60.10964011,50.09136676,60.10964011,60.10964011,60.10964011,200.365467,200.365467,200.365467
WIND_ON,Western,2020,cap_par,MUSD/PJ,61.31122214,61.31122214,51.09268512,61.31122214,61.31122214,61.31122214,204.3707405,204.3707405,204.3707405
WIND_OFF,Western,2020,cap_par,MUSD/PJ,158.6118301,158.6118301,132.1765251,158.6118301,158.6118301,158.6118301,528.7061004,528.7061004,528.7061004
PV_GND,Western,2020,cap_par,MUSD/PJ,76.38527255,76.38527255,63.65439379,76.38527255,76.38527255,76.38527255,254.6175752,254.6175752,254.6175752
PV_RFT,Western,2020,cap_par,MUSD/PJ,157.8628966,157.8628966,131.5524138,157.8628966,157.8628966,157.8628966,526.2096552,526.2096552,526.2096552
NUCL,Western,2020,cap_par,MUSD/PJ,189.216,189.216,157.68,189.216,189.216,189.216,630.72,630.72,630.72
BIO,Northwest,2020,cap_par,MUSD/PJ,386.8849252,386.8849252,116.0654776,96.7212313,116.0654776,193.4424626,386.8849252,386.8849252,386.8849252
BIO_CCS,Northwest,2020,cap_par,MUSD/PJ,622.5434388,622.5434388,186.7630316,155.6358597,186.7630316,311.2717194,622.5434388,622.5434388,622.5434388
COAL,Northwest,2020,cap_par,MUSD/PJ,183.0579561,183.0579561,54.91738682,45.76448902,54.91738682,91.52897804,183.0579561,183.0579561,183.0579561
COAL_CCS,Northwest,2020,cap_par,MUSD/PJ,366.115912,366.115912,109.8347736,91.528978,109.8347736,183.057956,366.115912,366.115912,366.115912
GAS_GT,Northwest,2020,cap_par,MUSD/PJ,70.45398064,70.45398064,21.13619419,17.61349516,21.13619419,35.22699032,70.45398064,70.45398064,70.45398064
GAS_CC,Northwest,2020,cap_par,MUSD/PJ,96.67784652,96.67784652,29.00335396,24.16946163,29.00335396,48.33892326,96.67784652,96.67784652,96.67784652
GAS_CC_CCS,Northwest,2020,cap_par,MUSD/PJ,159.5184468,159.5184468,47.85553403,39.87961169,47.85553403,79.75922338,159.5184468,159.5184468,159.5184468
OIL,Northwest,2020,cap_par,MUSD/PJ,176.1349516,176.1349516,52.84048548,44.0337379,52.84048548,88.0674758,176.1349516,176.1349516,176.1349516
GEOTH,Northwest,2020,cap_par,MUSD/PJ,1045.096112,1045.096112,313.5288337,261.2740281,313.5288337,522.5480562,1045.096112,1045.096112,1045.096112
HYD,Northwest,2020,cap_par,MUSD/PJ,200.365467,200.365467,60.10964011,50.09136676,60.10964011,100.1827335,200.365467,200.365467,200.365467
WIND_ON,Northwest,2020,cap_par,MUSD/PJ,204.3707405,204.3707405,61.31122214,51.09268512,61.31122214,102.1853702,204.3707405,204.3707405,204.3707405
WIND_OFF,Northwest,2020,cap_par,MUSD/PJ,528.7061004,528.7061004,158.6118301,132.1765251,158.6118301,264.3530502,528.7061004,528.7061004,528.7061004
PV_GND,Northwest,2020,cap_par,MUSD/PJ,254.6175752,254.6175752,76.38527255,63.65439379,76.38527255,127.3087876,254.6175752,254.6175752,254.6175752
PV_RFT,Northwest,2020,cap_par,MUSD/PJ,526.2096552,526.2096552,157.8628966,131.5524138,157.8628966,263.1048276,526.2096552,526.2096552,526.2096552
NUCL,Northwest,2020,cap_par,MUSD/PJ,630.72,630.72,189.216,157.68,189.216,315.36,630.72,630.72,630.72
BIO,North,2020,cap_par,MUSD/PJ,386.8849252,386.8849252,116.0654776,116.0654776,96.7212313,116.0654776,386.8849252,386.8849252,386.8849252
BIO_CCS,North,2020,cap_par,MUSD/PJ,622.5434388,622.5434388,186.7630316,186.7630316,155.6358597,186.7630316,622.5434388,622.5434388,622.5434388
COAL,North,2020,cap_par,MUSD/PJ,183.0579561,183.0579561,54.91738682,54.91738682,45.76448902,54.91738682,183.0579561,183.0579561,183.0579561
COAL_CCS,North,2020,cap_par,MUSD/PJ,366.115912,366.115912,109.8347736,109.8347736,91.528978,109.8347736,366.115912,366.115912,366.115912
GAS_GT,North,2020,cap_par,MUSD/PJ,70.45398064,70.45398064,21.13619419,21.13619419,17.61349516,21.13619419,70.45398064,70.45398064,70.45398064
GAS_CC,North,2020,cap_par,MUSD/PJ,96.67784652,96.67784652,29.00335396,29.00335396,24.16946163,29.00335396,96.67784652,96.67784652,96.67784652
GAS_CC_CCS,North,2020,cap_par,MUSD/PJ,159.5184468,159.5184468,47.85553403,47.85553403,39.87961169,47.85553403,159.5184468,159.5184468,159.5184468
OIL,North,2020,cap_par,MUSD/PJ,176.1349516,176.1349516,52.84048548,52.84048548,44.0337379,52.84048548,176.1349516,176.1349516,176.1349516
GEOTH,North,2020,cap_par,MUSD/PJ,1045.096112,1045.096112,313.5288337,313.5288337,261.2740281,313.5288337,1045.096112,1045.096112,1045.096112
HYD,North,2020,cap_par,MUSD/PJ,200.365467,200.365467,60.10964011,60.10964011,50.09136676,60.10964011,200.365467,200.365467,200.365467
WIND_ON,North,2020,cap_par,MUSD/PJ,204.3707405,204.3707405,61.31122214,61.31122214,51.09268512,61.31122214,204.3707405,204.3707405,204.3707405
WIND_OFF,North,2020,cap_par,MUSD/PJ,528.7061004,528.7061004,158.6118301,158.6118301,132.1765251,158.6118301,528.7061004,528.7061004,528.7061004
PV_GND,North,2020,cap_par,MUSD/PJ,254.6175752,254.6175752,76.38527255,76.38527255,63.65439379,76.38527255,254.6175752,254.6175752,254.6175752
PV_RFT,North,2020,cap_par,MUSD/PJ,526.2096552,526.2096552,157.8628966,157.8628966,131.5524138,157.8628966,526.2096552,526.2096552,526.2096552
NUCL,North,2020,cap_par,MUSD/PJ,630.72,630.72,189.216,189.216,157.68,189.216,630.72,630.72,630.72
BIO,Northeast,2020,cap_par,MUSD/PJ,193.4424626,193.4424626,193.4424626,116.0654776,116.0654776,96.7212313,193.4424626,193.4424626,193.4424626
BIO_CCS,Northeast,2020,cap_par,MUSD/PJ,311.2717194,311.2717194,311.2717194,186.7630316,186.7630316,155.6358597,311.2717194,311.2717194,311.2717194
COAL,Northeast,2020,cap_par,MUSD/PJ,91.52897804,91.52897804,91.52897804,54.91738682,54.91738682,45.76448902,91.52897804,91.52897804,91.52897804
COAL_CCS,Northeast,2020,cap_par,MUSD/PJ,183.057956,183.057956,183.057956,109.8347736,109.8347736,91.528978,183.057956,183.057956,183.057956
GAS_GT,Northeast,2020,cap_par,MUSD/PJ,35.22699032,35.22699032,35.22699032,21.13619419,21.13619419,17.61349516,35.22699032,35.22699032,35.22699032
GAS_CC,Northeast,2020,cap_par,MUSD/PJ,48.33892326,48.33892326,48.33892326,29.00335396,29.00335396,24.16946163,48.33892326,48.33892326,48.33892326
GAS_CC_CCS,Northeast,2020,cap_par,MUSD/PJ,79.75922338,79.75922338,79.75922338,47.85553403,47.85553403,39.87961169,79.75922338,79.75922338,79.75922338
OIL,Northeast,2020,cap_par,MUSD/PJ,88.0674758,88.0674758,88.0674758,52.84048548,52.84048548,44.0337379,88.0674758,88.0674758,88.0674758
GEOTH,Northeast,2020,cap_par,MUSD/PJ,522.5480562,522.5480562,522.5480562,313.5288337,313.5288337,261.2740281,522.5480562,522.5480562,522.5480562
HYD,Northeast,2020,cap_par,MUSD/PJ,100.1827335,100.1827335,100.1827335,60.10964011,60.10964011,50.09136676,100.1827335,100.1827335,100.1827335
WIND_ON,Northeast,2020,cap_par,MUSD/PJ,102.1853702,102.1853702,102.1853702,61.31122214,61.31122214,51.09268512,102.1853702,102.1853702,102.1853702
WIND_OFF,Northeast,2020,cap_par,MUSD/PJ,264.3530502,264.3530502,264.3530502,158.6118301,158.6118301,132.1765251,264.3530502,264.3530502,264.3530502
PV_GND,Northeast,2020,cap_par,MUSD/PJ,127.3087876,127.3087876,127.3087876,76.38527255,76.38527255,63.65439379,127.3087876,127.3087876,127.3087876
PV_RFT,Northeast,2020,cap_par,MUSD/PJ,263.1048276,263.1048276,263.1048276,157.8628966,157.8628966,131.5524138,263.1048276,263.1048276,263.1048276
NUCL,Northeast,2020,cap_par,MUSD/PJ,315.36,315.36,315.36,189.216,189.216,157.68,315.36,315.36,315.36
BIO,BajaCalif,2020,cap_par,MUSD/PJ,386.8849252,386.8849252,386.8849252,386.8849252,386.8849252,386.8849252,96.7212313,386.8849252,386.8849252
BIO_CCS,BajaCalif,2020,cap_par,MUSD/PJ,622.5434388,622.5434388,622.5434388,622.5434388,622.5434388,622.5434388,155.6358597,622.5434388,622.5434388
COAL,BajaCalif,2020,cap_par,MUSD/PJ,183.0579561,183.0579561,183.0579561,183.0579561,183.0579561,183.0579561,45.76448902,183.0579561,183.0579561
COAL_CCS,BajaCalif,2020,cap_par,MUSD/PJ,366.115912,366.115912,366.115912,366.115912,366.115912,366.115912,91.528978,366.115912,366.115912
GAS_GT,BajaCalif,2020,cap_par,MUSD/PJ,70.45398064,70.45398064,70.45398064,70.45398064,70.45398064,70.45398064,17.61349516,70.45398064,70.45398064
GAS_CC,BajaCalif,2020,cap_par,MUSD/PJ,96.67784652,96.67784652,96.67784652,96.67784652,96.67784652,96.67784652,24.16946163,96.67784652,96.67784652
GAS_CC_CCS,BajaCalif,2020,cap_par,MUSD/PJ,159.5184468,159.5184468,159.5184468,159.5184468,159.5184468,159.5184468,39.87961169,159.5184468,159.5184468
OIL,BajaCalif,2020,cap_par,MUSD/PJ,176.1349516,176.1349516,176.1349516,176.1349516,176.1349516,176.1349516,44.0337379,176.1349516,176.1349516
GEOTH,BajaCalif,2020,cap_par,MUSD/PJ,1045.096112,1045.096112,1045.096112,1045.096112,1045.096112,1045.096112,261.2740281,1045.096112,1045.096112
HYD,BajaCalif,2020,cap_par,MUSD/PJ,200.365467,200.365467,200.365467,200.365467,200.365467,200.365467,50.09136676,200.365467,200.365467
WIND_ON,BajaCalif,2020,cap_par,MUSD/PJ,204.3707405,204.3707405,204.3707405,204.3707405,204.3707405,204.3707405,51.09268512,204.3707405,204.3707405
WIND_OFF,BajaCalif,2020,cap_par,MUSD/PJ,528.7061004,528.7061004,528.7061004,528.7061004,528.7061004,528.7061004,132.1765251,528.7061004,528.7061004
PV_GND,BajaCalif,2020,cap_par,MUSD/PJ,254.6175752,254.6175752,254.6175752,254.6175752,254.6175752,254.6175752,63.65439379,254.6175752,254.6175752
PV_RFT,BajaCalif,2020,cap_par,MUSD/PJ,526.2096552,526.2096552,526.2096552,526.2096552,526.2096552,526.2096552,131.5524138,526.2096552,526.2096552
NUCL,BajaCalif,2020,cap_par,MUSD/PJ,630.72,630.72,630.72,630.72,630.72,630.72,157.68,630.72,630.72
BIO,BajaCalifSouth,2020,cap_par,MUSD/PJ,386.8849252,386.8849252,386.8849252,386.8849252,386.8849252,386.8849252,386.8849252,96.7212313,386.8849252
BIO_CCS,BajaCalifSouth,2020,cap_par,MUSD/PJ,622.5434388,622.5434388,622.5434388,622.5434388,622.5434388,622.5434388,622.5434388,155.6358597,622.5434388
COAL,BajaCalifSouth,2020,cap_par,MUSD/PJ,183.0579561,183.0579561,183.0579561,183.0579561,183.0579561,183.0579561,183.0579561,45.76448902,183.0579561
COAL_CCS,BajaCalifSouth,2020,cap_par,MUSD/PJ,366.115912,366.115912,366.115912,366.115912,366.115912,366.115912,366.115912,91.528978,366.115912
GAS_GT,BajaCalifSouth,2020,cap_par,MUSD/PJ,70.45398064,70.45398064,70.45398064,70.45398064,70.45398064,70.45398064,70.45398064,17.61349516,70.45398064
GAS_CC,BajaCalifSouth,2020,cap_par,MUSD/PJ,96.67784652,96.67784652,96.67784652,96.67784652,96.67784652,96.67784652,96.67784652,24.16946163,96.67784652
GAS_CC_CCS,BajaCalifSouth,2020,cap_par,MUSD/PJ,159.5184468,159.5184468,159.5184468,159.5184468,159.5184468,159.5184468,159.5184468,39.87961169,159.5184468
OIL,BajaCalifSouth,2020,cap_par,MUSD/PJ,176.1349516,176.1349516,176.1349516,176.1349516,176.1349516,176.1349516,176.1349516,44.0337379,176.1349516
GEOTH,BajaCalifSouth,2020,cap_par,MUSD/PJ,1045.096112,1045.096112,1045.096112,1045.096112,1045.096112,1045.096112,1045.096112,261.2740281,1045.096112
HYD,BajaCalifSouth,2020,cap_par,MUSD/PJ,200.365467,200.365467,200.365467,200.365467,200.365467,200.365467,200.365467,50.09136676,200.365467
WIND_ON,BajaCalifSouth,2020,cap_par,MUSD/PJ,204.3707405,204.3707405,204.3707405,204.3707405,204.3707405,204.3707405,204.3707405,51.09268512,204.3707405
WIND_OFF,BajaCalifSouth,2020,cap_par,MUSD/PJ,528.7061004,528.7061004,528.7061004,528.7061004,528.7061004,528.7061004,528.7061004,132.1765251,528.7061004
PV_GND,BajaCalifSouth,2020,cap_par,MUSD/PJ,254.6175752,254.6175752,254.6175752,254.6175752,254.6175752,254.6175752,254.6175752,63.65439379,254.6175752
PV_RFT,BajaCalifSouth,2020,cap_par,MUSD/PJ,526.2096552,526.2096552,526.2096552,526.2096552,526.2096552,526.2096552,526.2096552,131.5524138,526.2096552
NUCL,BajaCalifSouth,2020,cap_par,MUSD/PJ,630.72,630.72,630.72,630.72,630.72,630.72,630.72,157.68,630.72
BIO,Peninsular,2020,cap_par,MUSD/PJ,386.8849252,116.0654776,386.8849252,386.8849252,386.8849252,386.8849252,386.8849252,386.8849252,96.7212313
BIO_CCS,Peninsular,2020,cap_par,MUSD/PJ,622.5434388,186.7630316,622.5434388,622.5434388,622.5434388,622.5434388,622.5434388,622.5434388,155.6358597
COAL,Peninsular,2020,cap_par,MUSD/PJ,183.0579561,54.91738682,183.0579561,183.0579561,183.0579561,183.0579561,183.0579561,183.0579561,45.76448902
COAL_CCS,Peninsular,2020,cap_par,MUSD/PJ,366.115912,109.8347736,366.115912,366.115912,366.115912,366.115912,366.115912,366.115912,91.528978
GAS_GT,Peninsular,2020,cap_par,MUSD/PJ,70.45398064,21.13619419,70.45398064,70.45398064,70.45398064,70.45398064,70.45398064,70.45398064,17.61349516
GAS_CC,Peninsular,2020,cap_par,MUSD/PJ,96.67784652,29.00335396,96.67784652,96.67784652,96.67784652,96.67784652,96.67784652,96.67784652,24.16946163
GAS_CC_CCS,Peninsular,2020,cap_par,MUSD/PJ,159.5184468,47.85553403,159.5184468,159.5184468,159.5184468,159.5184468,159.5184468,159.5184468,39.87961169
OIL,Peninsular,2020,cap_par,MUSD/PJ,176.1349516,52.84048548,176.1349516,176.1349516,176.1349516,176.1349516,176.1349516,176.1349516,44.0337379
GEOTH,Peninsular,2020,cap_par,MUSD/PJ,1045.096112,313.5288337,1045.096112,1045.096112,1045.096112,1045.096112,1045.096112,1045.096112,261.2740281
HYD,Peninsular,2020,cap_par,MUSD/PJ,200.365467,60.10964011,200.365467,200.365467,200.365467,200.365467,200.365467,200.365467,50.09136676
WIND_ON,Peninsular,2020,cap_par,MUSD/PJ,204.3707405,61.31122214,204.3707405,204.3707405,204.3707405,204.3707405,204.3707405,204.3707405,51.09268512
WIND_OFF,Peninsular,2020,cap_par,MUSD/PJ,528.7061004,158.6118301,528.7061004,528.7061004,528.7061004,528.7061004,528.7061004,528.7061004,132.1765251
PV_GND,Peninsular,2020,cap_par,MUSD/PJ,254.6175752,76.38527255,254.6175752,254.6175752,254.6175752,254.6175752,254.6175752,254.6175752,63.65439379
PV_RFT,Peninsular,2020,cap_par,MUSD/PJ,526.2096552,157.8628966,526.2096552,526.2096552,526.2096552,526.2096552,526.2096552,526.2096552,131.5524138
NUCL,Peninsular,2020,cap_par,MUSD/PJ,630.72,189.216,630.72,630.72,630.72,630.72,630.72,630.72,157.68
BIO,Central,2020,fix_par,MUSD/PJ,1.45081847,1.45081847,1.45081847,1.45081847,1.45081847,1.45081847,1.45081847,1.45081847,1.45081847
BIO_CCS,Central,2020,fix_par,MUSD/PJ,2.3345379,2.3345379,2.3345379,2.3345379,2.3345379,2.3345379,2.3345379,2.3345379,2.3345379
COAL,Central,2020,fix_par,MUSD/PJ,0.91528978,0.91528978,0.91528978,0.91528978,0.91528978,0.91528978,0.91528978,0.91528978,0.91528978
COAL_CCS,Central,2020,fix_par,MUSD/PJ,2.9488249,2.9488249,2.9488249,2.9488249,2.9488249,2.9488249,2.9488249,2.9488249,2.9488249
GAS_GT,Central,2020,fix_par,MUSD/PJ,0.70453981,0.70453981,0.70453981,0.70453981,0.70453981,0.70453981,0.70453981,0.70453981,0.70453981
GAS_CC,Central,2020,fix_par,MUSD/PJ,0.60423654,0.60423654,0.60423654,0.60423654,0.60423654,0.60423654,0.60423654,0.60423654,0.60423654
GAS_CC_CCS,Central,2020,fix_par,MUSD/PJ,0.99699029,0.99699029,0.99699029,0.99699029,0.99699029,0.99699029,0.99699029,0.99699029,0.99699029
OIL,Central,2020,fix_par,MUSD/PJ,1.05680971,1.05680971,1.05680971,1.05680971,1.05680971,1.05680971,1.05680971,1.05680971,1.05680971
GEOTH,Central,2020,fix_par,MUSD/PJ,5.22548056,5.22548056,5.22548056,5.22548056,5.22548056,5.22548056,5.22548056,5.22548056,5.22548056
HYD,Central,2020,fix_par,MUSD/PJ,1.00182734,1.00182734,1.00182734,1.00182734,1.00182734,1.00182734,1.00182734,1.00182734,1.00182734
WIND_ON,Central,2020,fix_par,MUSD/PJ,0.76639028,0.76639028,0.76639028,0.76639028,0.76639028,0.76639028,0.76639028,0.76639028,0.76639028
WIND_OFF,Central,2020,fix_par,MUSD/PJ,3.96529575,3.96529575,3.96529575,3.96529575,3.96529575,3.96529575,3.96529575,3.96529575,3.96529575
PV_GND,Central,2020,fix_par,MUSD/PJ,0.63654394,0.63654394,0.63654394,0.63654394,0.63654394,0.63654394,0.63654394,0.63654394,0.63654394
PV_RFT,Central,2020,fix_par,MUSD/PJ,1.31552414,1.31552414,1.31552414,1.31552414,1.31552414,1.31552414,1.31552414,1.31552414,1.31552414
NUCL,Central,2020,fix_par,MUSD/PJ,3.1536,3.1536,3.1536,3.1536,3.1536,3.1536,3.1536,3.1536,3.1536
BIO,Eastern,2020,fix_par,MUSD/PJ,1.45081847,1.45081847,1.45081847,1.45081847,1.45081847,1.45081847,1.45081847,1.45081847,1.45081847
BIO_CCS,Eastern,2020,fix_par,MUSD/PJ,2.3345379,2.3345379,2.3345379,2.3345379,2.3345379,2.3345379,2.3345379,2.3345379,2.3345379
COAL,Eastern,2020,fix_par,MUSD/PJ,0.91528978,0.91528978,0.91528978,0.91528978,0.91528978,0.91528978,0.91528978,0.91528978,0.91528978
COAL_CCS,Eastern,2020,fix_par,MUSD/PJ,2.9488249,2.9488249,2.9488249,2.9488249,2.9488249,2.9488249,2.9488249,2.9488249,2.9488249
GAS_GT,Eastern,2020,fix_par,MUSD/PJ,0.70453981,0.70453981,0.70453981,0.70453981,0.70453981,0.70453981,0.70453981,0.70453981,0.70453981
GAS_CC,Eastern,2020,fix_par,MUSD/PJ,0.60423654,0.60423654,0.60423654,0.60423654,0.60423654,0.60423654,0.60423654,0.60423654,0.60423654
GAS_CC_CCS,Eastern,2020,fix_par,MUSD/PJ,0.99699029,0.99699029,0.99699029,0.99699029,0.99699029,0.99699029,0.99699029,0.99699029,0.99699029
OIL,Eastern,2020,fix_par,MUSD/PJ,1.05680971,1.05680971,1.05680971,1.05680971,1.05680971,1.05680971,1.05680971,1.05680971,1.05680971
GEOTH,Eastern,2020,fix_par,MUSD/PJ,5.22548056,5.22548056,5.22548056,5.22548056,5.22548056,5.22548056,5.22548056,5.22548056,5.22548056
HYD,Eastern,2020,fix_par,MUSD/PJ,1.00182734,1.00182734,1.00182734,1.00182734,1.00182734,1.00182734,1.00182734,1.00182734,1.00182734
WIND_ON,Eastern,2020,fix_par,MUSD/PJ,0.76639028,0.76639028,0.76639028,0.76639028,0.76639028,0.76639028,0.76639028,0.76639028,0.76639028
WIND_OFF,Eastern,2020,fix_par,MUSD/PJ,3.96529575,3.96529575,3.96529575,3.96529575,3.96529575,3.96529575,3.96529575,3.96529575,3.96529575
PV_GND,Eastern,2020,fix_par,MUSD/PJ,0.63654394,0.63654394,0.63654394,0.63654394,0.63654394,0.63654394,0.63654394,0.63654394,0.63654394
PV_RFT,Eastern,2020,fix_par,MUSD/PJ,1.31552414,1.31552414,1.31552414,1.31552414,1.31552414,1.31552414,1.31552414,1.31552414,1.31552414
NUCL,Eastern,2020,fix_par,MUSD/PJ,3.1536,3.1536,3.1536,3.1536,3.1536,3.1536,3.1536,3.1536,3.1536
BIO,Western,2020,fix_par,MUSD/PJ,1.45081847,1.45081847,1.45081847,1.45081847,1.45081847,1.45081847,1.45081847,1.45081847,1.45081847
BIO_CCS,Western,2020,fix_par,MUSD/PJ,2.3345379,2.3345379,2.3345379,2.3345379,2.3345379,2.3345379,2.3345379,2.3345379,2.3345379
COAL,Western,2020,fix_par,MUSD/PJ,0.91528978,0.91528978,0.91528978,0.91528978,0.91528978,0.91528978,0.91528978,0.91528978,0.91528978
COAL_CCS,Western,2020,fix_par,MUSD/PJ,2.9488249,2.9488249,2.9488249,2.9488249,2.9488249,2.9488249,2.9488249,2.9488249,2.9488249
GAS_GT,Western,2020,fix_par,MUSD/PJ,0.70453981,0.70453981,0.70453981,0.70453981,0.70453981,0.70453981,0.70453981,0.70453981,0.70453981
GAS_CC,Western,2020,fix_par,MUSD/PJ,0.60423654,0.60423654,0.60423654,0.60423654,0.60423654,0.60423654,0.60423654,0.60423654,0.60423654
GAS_CC_CCS,Western,2020,fix_par,MUSD/PJ,0.99699029,0.99699029,0.99699029,0.99699029,0.99699029,0.99699029,0.99699029,0.99699029,0.99699029
OIL,Western,2020,fix_par,MUSD/PJ,1.05680971,1.05680971,1.05680971,1.05680971,1.05680971,1.05680971,1.05680971,1.05680971,1.05680971
GEOTH,Western,2020,fix_par,MUSD/PJ,5.22548056,5.22548056,5.22548056,5.22548056,5.22548056,5.22548056,5.22548056,5.22548056,5.22548056
HYD,Western,2020,fix_par,MUSD/PJ,1.00182734,1.00182734,1.00182734,1.00182734,1.00182734,1.00182734,1.00182734,1.00182734,1.00182734
WIND_ON,Western,2020,fix_par,MUSD/PJ,0.76639028,0.76639028,0.76639028,0.76639028,0.76639028,0.76639028,0.76639028,0.76639028,0.76639028
WIND_OFF,Western,2020,fix_par,MUSD/PJ,3.96529575,3.96529575,3.96529575,3.96529575,3.96529575,3.96529575,3.96529575,3.96529575,3.96529575
PV_GND,Western,2020,fix_par,MUSD/PJ,0.63654394,0.63654394,0.63654394,0.63654394,0.63654394,0.63654394,0.63654394,0.63654394,0.63654394
PV_RFT,Western,2020,fix_par,MUSD/PJ,1.31552414,1.31552414,1.31552414,1.31552414,1.31552414,1.31552414,1.31552414,1.31552414,1.31552414
NUCL,Western,2020,fix_par,MUSD/PJ,3.1536,3.1536,3.1536,3.1536,3.1536,3.1536,3.1536,3.1536,3.1536
BIO,Northwest,2020,fix_par,MUSD/PJ,1.45081847,1.45081847,1.45081847,1.45081847,1.45081847,1.45081847,1.45081847,1.45081847,1.45081847
BIO_CCS,Northwest,2020,fix_par,MUSD/PJ,2.3345379,2.3345379,2.3345379,2.3345379,2.3345379,2.3345379,2.3345379,2.3345379,2.3345379
COAL,Northwest,2020,fix_par,MUSD/PJ,0.91528978,0.91528978,0.91528978,0.91528978,0.91528978,0.91528978,0.91528978,0.91528978,0.91528978
COAL_CCS,Northwest,2020,fix_par,MUSD/PJ,2.9488249,2.9488249,2.9488249,2.9488249,2.9488249,2.9488249,2.9488249,2.9488249,2.9488249
GAS_GT,Northwest,2020,fix_par,MUSD/PJ,0.70453981,0.70453981,0.70453981,0.70453981,0.70453981,0.70453981,0.70453981,0.70453981,0.70453981
GAS_CC,Northwest,2020,fix_par,MUSD/PJ,0.60423654,0.60423654,0.60423654,0.60423654,0.60423654,0.60423654,0.60423654,0.60423654,0.60423654
GAS_CC_CCS,Northwest,2020,fix_par,MUSD/PJ,0.99699029,0.99699029,0.99699029,0.99699029,0.99699029,0.99699029,0.99699029,0.99699029,0.99699029
OIL,Northwest,2020,fix_par,MUSD/PJ,1.05680971,1.05680971,1.05680971,1.05680971,1.05680971,1.05680971,1.05680971,1.05680971,1.05680971
GEOTH,Northwest,2020,fix_par,MUSD/PJ,5.22548056,5.22548056,5.22548056,5.22548056,5.22548056,5.22548056,5.22548056,5.22548056,5.22548056
HYD,Northwest,2020,fix_par,MUSD/PJ,1.00182734,1.00182734,1.00182734,1.00182734,1.00182734,1.00182734,1.00182734,1.00182734,1.00182734
WIND_ON,Northwest,2020,fix_par,MUSD/PJ,0.76639028,0.76639028,0.76639028,0.76639028,0.76639028,0.76639028,0.76639028,0.76639028,0.76639028
WIND_OFF,Northwest,2020,fix_par,MUSD/PJ,3.96529575,3.96529575,3.96529575,3.96529575,3.96529575,3.96529575,3.96529575,3.96529575,3.96529575
PV_GND,Northwest,2020,fix_par,MUSD/PJ,0.63654394,0.63654394,0.63654394,0.63654394,0.63654394,0.63654394,0.63654394,0.63654394,0.63654394
PV_RFT,Northwest,2020,fix_par,MUSD/PJ,1.31552414,1.31552414,1.31552414,1.31552414,1.31552414,1.31552414,1.31552414,1.31552414,1.31552414
NUCL,Northwest,2020,fix_par,MUSD/PJ,3.1536,3.1536,3.1536,3.1536,3.1536,3.1536,3.1536,3.1536,3.1536
BIO,North,2020,fix_par,MUSD/PJ,1.45081847,1.45081847,1.45081847,1.45081847,1.45081847,1.45081847,1.45081847,1.45081847,1.45081847
BIO_CCS,North,2020,fix_par,MUSD/PJ,2.3345379,2.3345379,2.3345379,2.3345379,2.3345379,2.3345379,2.3345379,2.3345379,2.3345379
COAL,North,2020,fix_par,MUSD/PJ,0.91528978,0.91528978,0.91528978,0.91528978,0.91528978,0.91528978,0.91528978,0.91528978,0.91528978
COAL_CCS,North,2020,fix_par,MUSD/PJ,2.9488249,2.9488249,2.9488249,2.9488249,2.9488249,2.9488249,2.9488249,2.9488249,2.9488249
GAS_GT,North,2020,fix_par,MUSD/PJ,0.70453981,0.70453981,0.70453981,0.70453981,0.70453981,0.70453981,0.70453981,0.70453981,0.70453981
GAS_CC,North,2020,fix_par,MUSD/PJ,0.60423654,0.60423654,0.60423654,0.60423654,0.60423654,0.60423654,0.60423654,0.60423654,0.60423654
GAS_CC_CCS,North,2020,fix_par,MUSD/PJ,0.99699029,0.99699029,0.99699029,0.99699029,0.99699029,0.99699029,0.99699029,0.99699029,0.99699029
OIL,North,2020,fix_par,MUSD/PJ,1.05680971,1.05680971,1.05680971,1.05680971,1.05680971,1.05680971,1.05680971,1.05680971,1.05680971
GEOTH,North,2020,fix_par,MUSD/PJ,5.22548056,5.22548056,5.22548056,5.22548056,5.22548056,5.22548056,5.22548056,5.22548056,5.22548056
HYD,North,2020,fix_par,MUSD/PJ,1.00182734,1.00182734,1.00182734,1.00182734,1.00182734,1.00182734,1.00182734,1.00182734,1.00182734
WIND_ON,North,2020,fix_par,MUSD/PJ,0.76639028,0.76639028,0.76639028,0.76639028,0.76639028,0.76639028,0.76639028,0.76639028,0.76639028
WIND_OFF,North,2020,fix_par,MUSD/PJ,3.96529575,3.96529575,3.96529575,3.96529575,3.96529575,3.96529575,3.96529575,3.96529575,3.96529575
PV_GND,North,2020,fix_par,MUSD/PJ,0.63654394,0.63654394,0.63654394,0.63654394,0.63654394,0.63654394,0.63654394,0.63654394,0.63654394
PV_RFT,North,2020,fix_par,MUSD/PJ,1.31552414,1.31552414,1.31552414,1.31552414,1.31552414,1.31552414,1.31552414,1.31552414,1.31552414
NUCL,North,2020,fix_par,MUSD/PJ,3.1536,3.1536,3.1536,3.1536,3.1536,3.1536,3.1536,3.1536,3.1536
BIO,Northeast,2020,fix_par,MUSD/PJ,1.45081847,1.45081847,1.45081847,1.45081847,1.45081847,1.45081847,1.45081847,1.45081847,1.45081847
BIO_CCS,Northeast,2020,fix_par,MUSD/PJ,2.3345379,2.3345379,2.3345379,2.3345379,2.3345379,2.3345379,2.3345379,2.3345379,2.3345379
COAL,Northeast,2020,fix_par,MUSD/PJ,0.91528978,0.91528978,0.91528978,0.91528978,0.91528978,0.91528978,0.91528978,0.91528978,0.91528978
COAL_CCS,Northeast,2020,fix_par,MUSD/PJ,2.9488249,2.9488249,2.9488249,2.9488249,2.9488249,2.9488249,2.9488249,2.9488249,2.9488249
GAS_GT,Northeast,2020,fix_par,MUSD/PJ,0.70453981,0.70453981,0.70453981,0.70453981,0.70453981,0.70453981,0.70453981,0.70453981,0.70453981
GAS_CC,Northeast,2020,fix_par,MUSD/PJ,0.60423654,0.60423654,0.60423654,0.60423654,0.60423654,0.60423654,0.60423654,0.60423654,0.60423654
GAS_CC_CCS,Northeast,2020,fix_par,MUSD/PJ,0.99699029,0.99699029,0.99699029,0.99699029,0.99699029,0.99699029,0.99699029,0.99699029,0.99699029
OIL,Northeast,2020,fix_par,MUSD/PJ,1.05680971,1.05680971,1.05680971,1.05680971,1.05680971,1.05680971,1.05680971,1.05680971,1.05680971
GEOTH,Northeast,2020,fix_par,MUSD/PJ,5.22548056,5.22548056,5.22548056,5.22548056,5.22548056,5.22548056,5.22548056,5.22548056,5.22548056
HYD,Northeast,2020,fix_par,MUSD/PJ,1.00182734,1.00182734,1.00182734,1.00182734,1.00182734,1.00182734,1.00182734,1.00182734,1.00182734
WIND_ON,Northeast,2020,fix_par,MUSD/PJ,0.76639028,0.76639028,0.76639028,0.76639028,0.76639028,0.76639028,0.76639028,0.76639028,0.76639028
WIND_OFF,Northeast,2020,fix_par,MUSD/PJ,3.96529575,3.96529575,3.96529575,3.96529575,3.96529575,3.96529575,3.96529575,3.96529575,3.96529575
PV_GND,Northeast,2020,fix_par,MUSD/PJ,0.63654394,0.63654394,0.63654394,0.63654394,0.63654394,0.63654394,0.63654394,0.63654394,0.63654394
PV_RFT,Northeast,2020,fix_par,MUSD/PJ,1.31552414,1.31552414,1.31552414,1.31552414,1.31552414,1.31552414,1.31552414,1.31552414,1.31552414
NUCL,Northeast,2020,fix_par,MUSD/PJ,3.1536,3.1536,3.1536,3.1536,3.1536,3.1536,3.1536,3.1536,3.1536
BIO,BajaCalif,2020,fix_par,MUSD/PJ,1.45081847,1.45081847,1.45081847,1.45081847,1.45081847,1.45081847,1.45081847,1.45081847,1.45081847
BIO_CCS,BajaCalif,2020,fix_par,MUSD/PJ,2.3345379,2.3345379,2.3345379,2.3345379,2.3345379,2.3345379,2.3345379,2.3345379,2.3345379
COAL,BajaCalif,2020,fix_par,MUSD/PJ,0.91528978,0.91528978,0.91528978,0.91528978,0.91528978,0.91528978,0.91528978,0.91528978,0.91528978
COAL_CCS,BajaCalif,2020,fix_par,MUSD/PJ,2.9488249,2.9488249,2.9488249,2.9488249,2.9488249,2.9488249,2.9488249,2.9488249,2.9488249
GAS_GT,BajaCalif,2020,fix_par,MUSD/PJ,0.70453981,0.70453981,0.70453981,0.70453981,0.70453981,0.70453981,0.70453981,0.70453981,0.70453981
GAS_CC,BajaCalif,2020,fix_par,MUSD/PJ,0.60423654,0.60423654,0.60423654,0.60423654,0.60423654,0.60423654,0.60423654,0.60423654,0.60423654
GAS_CC_CCS,BajaCalif,2020,fix_par,MUSD/PJ,0.99699029,0.99699029,0.99699029,0.99699029,0.99699029,0.99699029,0.99699029,0.99699029,0.99699029
OIL,BajaCalif,2020,fix_par,MUSD/PJ,1.05680971,1.05680971,1.05680971,1.05680971,1.05680971,1.05680971,1.05680971,1.05680971,1.05680971
GEOTH,BajaCalif,2020,fix_par,MUSD/PJ,5.22548056,5.22548056,5.22548056,5.22548056,5.22548056,5.22548056,5.22548056,5.22548056,5.22548056
HYD,BajaCalif,2020,fix_par,MUSD/PJ,1.00182734,1.00182734,1.00182734,1.00182734,1.00182734,1.00182734,1.00182734,1.00182734,1.00182734
WIND_ON,BajaCalif,2020,fix_par,MUSD/PJ,0.76639028,0.76639028,0.76639028,0.76639028,0.76639028,0.76639028,0.76639028,0.76639028,0.76639028
WIND_OFF,BajaCalif,2020,fix_par,MUSD/PJ,3.96529575,3.96529575,3.96529575,3.96529575,3.96529575,3.96529575,3.96529575,3.96529575,3.96529575
PV_GND,BajaCalif,2020,fix_par,MUSD/PJ,0.63654394,0.63654394,0.63654394,0.63654394,0.63654394,0.63654394,0.63654394,0.63654394,0.63654394
PV_RFT,BajaCalif,2020,fix_par,MUSD/PJ,1.31552414,1.31552414,1.31552414,1.31552414,1.31552414,1.31552414,1.31552414,1.31552414,1.31552414
NUCL,BajaCalif,2020,fix_par,MUSD/PJ,3.1536,3.1536,3.1536,3.1536,3.1536,3.1536,3.1536,3.1536,3.1536
BIO,BajaCalifSouth,2020,fix_par,MUSD/PJ,1.45081847,1.45081847,1.45081847,1.45081847,1.45081847,1.45081847,1.45081847,1.45081847,1.45081847
BIO_CCS,BajaCalifSouth,2020,fix_par,MUSD/PJ,2.3345379,2.3345379,2.3345379,2.3345379,2.3345379,2.3345379,2.3345379,2.3345379,2.3345379
COAL,BajaCalifSouth,2020,fix_par,MUSD/PJ,0.91528978,0.91528978,0.91528978,0.91528978,0.91528978,0.91528978,0.91528978,0.91528978,0.91528978
COAL_CCS,BajaCalifSouth,2020,fix_par,MUSD/PJ,2.9488249,2.9488249,2.9488249,2.9488249,2.9488249,2.9488249,2.9488249,2.9488249,2.9488249
GAS_GT,BajaCalifSouth,2020,fix_par,MUSD/PJ,0.70453981,0.70453981,0.70453981,0.70453981,0.70453981,0.70453981,0.70453981,0.70453981,0.70453981
GAS_CC,BajaCalifSouth,2020,fix_par,MUSD/PJ,0.60423654,0.60423654,0.60423654,0.60423654,0.60423654,0.60423654,0.60423654,0.60423654,0.60423654
GAS_CC_CCS,BajaCalifSouth,2020,fix_par,MUSD/PJ,0.99699029,0.99699029,0.99699029,0.99699029,0.99699029,0.99699029,0.99699029,0.99699029,0.99699029
OIL,BajaCalifSouth,2020,fix_par,MUSD/PJ,1.05680971,1.05680971,1.05680971,1.05680971,1.05680971,1.05680971,1.05680971,1.05680971,1.05680971
GEOTH,BajaCalifSouth,2020,fix_par,MUSD/PJ,5.22548056,5.22548056,5.22548056,5.22548056,5.22548056,5.22548056,5.22548056,5.22548056,5.22548056
HYD,BajaCalifSouth,2020,fix_par,MUSD/PJ,1.00182734,1.00182734,1.00182734,1.00182734,1.00182734,1.00182734,1.00182734,1.00182734,1.00182734
WIND_ON,BajaCalifSouth,2020,fix_par,MUSD/PJ,0.76639028,0.76639028,0.76639028,0.76639028,0.76639028,0.76639028,0.76639028,0.76639028,0.76639028
WIND_OFF,BajaCalifSouth,2020,fix_par,MUSD/PJ,3.96529575,3.96529575,3.96529575,3.96529575,3.96529575,3.96529575,3.96529575,3.96529575,3.96529575
PV_GND,BajaCalifSouth,2020,fix_par,MUSD/PJ,0.63654394,0.63654394,0.63654394,0.63654394,0.63654394,0.63654394,0.63654394,0.63654394,0.63654394
PV_RFT,BajaCalifSouth,2020,fix_par,MUSD/PJ,1.31552414,1.31552414,1.31552414,1.31552414,1.31552414,1.31552414,1.31552414,1.31552414,1.31552414
NUCL,BajaCalifSouth,2020,fix_par,MUSD/PJ,3.1536,3.1536,3.1536,3.1536,3.1536,3.1536,3.1536,3.1536,3.1536
BIO,Peninsular,2020,fix_par,MUSD/PJ,1.45081847,1.45081847,1.45081847,1.45081847,1.45081847,1.45081847,1.45081847,1.45081847,1.45081847
BIO_CCS,Peninsular,2020,fix_par,MUSD/PJ,2.3345379,2.3345379,2.3345379,2.3345379,2.3345379,2.3345379,2.3345379,2.3345379,2.3345379
COAL,Peninsular,2020,fix_par,MUSD/PJ,0.91528978,0.91528978,0.91528978,0.91528978,0.91528978,0.91528978,0.91528978,0.91528978,0.91528978
COAL_CCS,Peninsular,2020,fix_par,MUSD/PJ,2.9488249,2.9488249,2.9488249,2.9488249,2.9488249,2.9488249,2.9488249,2.9488249,2.9488249
GAS_GT,Peninsular,2020,fix_par,MUSD/PJ,0.70453981,0.70453981,0.70453981,0.70453981,0.70453981,0.70453981,0.70453981,0.70453981,0.70453981
GAS_CC,Peninsular,2020,fix_par,MUSD/PJ,0.60423654,0.60423654,0.60423654,0.60423654,0.60423654,0.60423654,0.60423654,0.60423654,0.60423654
GAS_CC_CCS,Peninsular,2020,fix_par,MUSD/PJ,0.99699029,0.99699029,0.99699029,0.99699029,0.99699029,0.99699029,0.99699029,0.99699029,0.99699029
OIL,Peninsular,2020,fix_par,MUSD/PJ,1.05680971,1.05680971,1.05680971,1.05680971,1.05680971,1.05680971,1.05680971,1.05680971,1.05680971
GEOTH,Peninsular,2020,fix_par,MUSD/PJ,5.22548056,5.22548056,5.22548056,5.22548056,5.22548056,5.22548056,5.22548056,5.22548056,5.22548056
HYD,Peninsular,2020,fix_par,MUSD/PJ,1.00182734,1.00182734,1.00182734,1.00182734,1.00182734,1.00182734,1.00182734,1.00182734,1.00182734
WIND_ON,Peninsular,2020,fix_par,MUSD/PJ,0.76639028,0.76639028,0.76639028,0.76639028,0.76639028,0.76639028,0.76639028,0.76639028,0.76639028
WIND_OFF,Peninsular,2020,fix_par,MUSD/PJ,3.96529575,3.96529575,3.96529575,3.96529575,3.96529575,3.96529575,3.96529575,3.96529575,3.96529575
PV_GND,Peninsular,2020,fix_par,MUSD/PJ,0.63654394,0.63654394,0.63654394,0.63654394,0.63654394,0.63654394,0.63654394,0.63654394,0.63654394
PV_RFT,Peninsular,2020,fix_par,MUSD/PJ,1.31552414,1.31552414,1.31552414,1.31552414,1.31552414,1.31552414,1.31552414,1.31552414,1.31552414
NUCL,Peninsular,2020,fix_par,MUSD/PJ,3.1536,3.1536,3.1536,3.1536,3.1536,3.1536,3.1536,3.1536,3.1536
BIO,Central,2020,MaxCapacityAddition,PJ/y,20000,20000,20000,0,0,0,0,0,0
BIO_CCS,Central,2020,MaxCapacityAddition,PJ/y,20000,20000,20000,0,0,0,0,0,0
COAL,Central,2020,MaxCapacityAddition,PJ/y,20000,20000,20000,0,0,0,0,0,0
COAL_CCS,Central,2020,MaxCapacityAddition,PJ/y,20000,20000,20000,0,0,0,0,0,0
GAS_GT,Central,2020,MaxCapacityAddition,PJ/y,263451.744,263451.744,263451.744,0,0,0,0,0,0
GAS_CC,Central,2020,MaxCapacityAddition,PJ/y,20000,20000,20000,0,0,0,0,0,0
GAS_CC_CCS,Central,2020,MaxCapacityAddition,PJ/y,20000,20000,20000,0,0,0,0,0,0
OIL,Central,2020,MaxCapacityAddition,PJ/y,8703.936,8703.936,8703.936,0,0,0,0,0,0
GEOTH,Central,2020,MaxCapacityAddition,PJ/y,20000,20000,20000,0,0,0,0,0,0
HYD,Central,2020,MaxCapacityAddition,PJ/y,5108.832,5108.832,5108.832,0,0,0,0,0,0
WIND_ON,Central,2020,MaxCapacityAddition,PJ/y,20000,20000,20000,0,0,0,0,0,0
WIND_OFF,Central,2020,MaxCapacityAddition,PJ/y,20000,20000,20000,0,0,0,0,0,0
PV_GND,Central,2020,MaxCapacityAddition,PJ/y,20000,20000,20000,0,0,0,0,0,0
PV_RFT,Central,2020,MaxCapacityAddition,PJ/y,20000,20000,20000,0,0,0,0,0,0
NUCL,Central,2020,MaxCapacityAddition,PJ/y,20000,20000,20000,0,0,0,0,0,0
BIO,Eastern,2020,MaxCapacityAddition,PJ/y,10406.88,10406.88,10406.88,0,0,0,0,0,0
BIO_CCS,Eastern,2020,MaxCapacityAddition,PJ/y,20000,20000,20000,0,0,0,0,0,0
COAL,Eastern,2020,MaxCapacityAddition,PJ/y,20000,20000,20000,0,0,0,0,0,0
COAL_CCS,Eastern,2020,MaxCapacityAddition,PJ/y,20000,20000,20000,0,0,0,0,0,0
GAS_GT,Eastern,2020,MaxCapacityAddition,PJ/y,356924.448,356924.448,356924.448,0,0,0,0,0,0
GAS_CC,Eastern,2020,MaxCapacityAddition,PJ/y,20000,20000,20000,0,0,0,0,0,0
GAS_CC_CCS,Eastern,2020,MaxCapacityAddition,PJ/y,20000,20000,20000,0,0,0,0,0,0
OIL,Eastern,2020,MaxCapacityAddition,PJ/y,18417.024,18417.024,18417.024,0,0,0,0,0,0
GEOTH,Eastern,2020,MaxCapacityAddition,PJ/y,20000,20000,20000,0,0,0,0,0,0
HYD,Eastern,2020,MaxCapacityAddition,PJ/y,422014.752,422014.752,422014.752,0,0,0,0,0,0
WIND_ON,Eastern,2020,MaxCapacityAddition,PJ/y,174583.296,174583.296,174583.296,0,0,0,0,0,0
WIND_OFF,Eastern,2020,MaxCapacityAddition,PJ/y,20000,20000,20000,0,0,0,0,0,0
PV_GND,Eastern,2020,MaxCapacityAddition,PJ/y,20000,20000,20000,0,0,0,0,0,0
PV_RFT,Eastern,2020,MaxCapacityAddition,PJ/y,20000,20000,20000,0,0,0,0,0,0
NUCL,Eastern,2020,MaxCapacityAddition,PJ/y,102176.64,102176.64,102176.64,0,0,0,0,0,0
BIO,Western,2020,MaxCapacityAddition,PJ/y,2522.88,2522.88,2522.88,10406.88,10406.88,0,0,0,0
BIO_CCS,Western,2020,MaxCapacityAddition,PJ/y,20000,20000,20000,20000,20000,0,0,0,0
COAL,Western,2020,MaxCapacityAddition,PJ/y,211291.2,211291.2,211291.2,20000,20000,0,0,0,0
COAL_CCS,Western,2020,MaxCapacityAddition,PJ/y,20000,20000,20000,20000,20000,0,0,0,0
GAS_GT,Western,2020,MaxCapacityAddition,PJ/y,426682.08,426682.08,426682.08,356924.448,356924.448,0,0,0,0
GAS_CC,Western,2020,MaxCapacityAddition,PJ/y,20000,20000,20000,20000,20000,0,0,0,0
GAS_CC_CCS,Western,2020,MaxCapacityAddition,PJ/y,20000,20000,20000,20000,20000,0,0,0,0
OIL,Western,2020,MaxCapacityAddition,PJ/y,52097.472,52097.472,52097.472,18417.024,18417.024,0,0,0,0
GEOTH,Western,2020,MaxCapacityAddition,PJ/y,19867.68,19867.68,19867.68,20000,20000,0,0,0,0
HYD,Western,2020,MaxCapacityAddition,PJ/y,309872.736,309872.736,309872.736,422014.752,422014.752,0,0,0,0
WIND_ON,Western,2020,MaxCapacityAddition,PJ/y,64964.16,64964.16,64964.16,174583.296,174583.296,0,0,0,0
WIND_OFF,Western,2020,MaxCapacityAddition,PJ/y,20000,20000,20000,20000,20000,0,0,0,0
PV_GND,Western,2020,MaxCapacityAddition,PJ/y,48565.44,48565.44,48565.44,20000,20000,0,0,0,0
PV_RFT,Western,2020,MaxCapacityAddition,PJ/y,20000,20000,20000,20000,20000,0,0,0,0
NUCL,Western,2020,MaxCapacityAddition,PJ/y,20000,20000,20000,102176.64,102176.64,0,0,0,0
BIO,Northwest,2020,MaxCapacityAddition,PJ/y,0,20000,20000,20000,20000,0,0,0,0
BIO_CCS,Northwest,2020,MaxCapacityAddition,PJ/y,0,20000,20000,20000,20000,0,0,0,0
COAL,Northwest,2020,MaxCapacityAddition,PJ/y,0,20000,20000,20000,20000,0,0,0,0
COAL_CCS,Northwest,2020,MaxCapacityAddition,PJ/y,0,20000,20000,20000,20000,0,0,0,0
GAS_GT,Northwest,2020,MaxCapacityAddition,PJ/y,0,368277.408,368277.408,368277.408,368277.408,0,0,0,0
GAS_CC,Northwest,2020,MaxCapacityAddition,PJ/y,0,20000,20000,20000,20000,0,0,0,0
GAS_CC_CCS,Northwest,2020,MaxCapacityAddition,PJ/y,0,20000,20000,20000,20000,0,0,0,0
OIL,Northwest,2020,MaxCapacityAddition,PJ/y,0,3532.032,3532.032,3532.032,3532.032,0,0,0,0
GEOTH,Northwest,2020,MaxCapacityAddition,PJ/y,0,20000,20000,20000,20000,0,0,0,0
HYD,Northwest,2020,MaxCapacityAddition,PJ/y,0,60549.12,60549.12,60549.12,60549.12,0,0,0,0
WIND_ON,Northwest,2020,MaxCapacityAddition,PJ/y,0,20000,20000,20000,20000,0,0,0,0
WIND_OFF,Northwest,2020,MaxCapacityAddition,PJ/y,0,20000,20000,20000,20000,0,0,0,0
PV_GND,Northwest,2020,MaxCapacityAddition,PJ/y,0,28760.832,28760.832,28760.832,28760.832,0,0,0,0
PV_RFT,Northwest,2020,MaxCapacityAddition,PJ/y,0,20000,20000,20000,20000,0,0,0,0
NUCL,Northwest,2020,MaxCapacityAddition,PJ/y,0,20000,20000,20000,20000,0,0,0,0
BIO,North,2020,MaxCapacityAddition,PJ/y,0,0,20000,20000,20000,20000,0,0,0
BIO_CCS,North,2020,MaxCapacityAddition,PJ/y,0,0,20000,20000,20000,20000,0,0,0
COAL,North,2020,MaxCapacityAddition,PJ/y,0,0,20000,20000,20000,20000,0,0,0
COAL_CCS,North,2020,MaxCapacityAddition,PJ/y,0,0,20000,20000,20000,20000,0,0,0
GAS_GT,North,2020,MaxCapacityAddition,PJ/y,0,0,275876.928,275876.928,275876.928,275876.928,0,0,0
GAS_CC,North,2020,MaxCapacityAddition,PJ/y,0,0,20000,20000,20000,20000,0,0,0
GAS_CC_CCS,North,2020,MaxCapacityAddition,PJ/y,0,0,20000,20000,20000,20000,0,0,0
OIL,North,2020,MaxCapacityAddition,PJ/y,0,0,7253.28,7253.28,7253.28,7253.28,0,0,0
GEOTH,North,2020,MaxCapacityAddition,PJ/y,0,0,20000,20000,20000,20000,0,0,0
HYD,North,2020,MaxCapacityAddition,PJ/y,0,0,20000,20000,20000,20000,0,0,0
WIND_ON,North,2020,MaxCapacityAddition,PJ/y,0,0,20000,20000,20000,20000,0,0,0
WIND_OFF,North,2020,MaxCapacityAddition,PJ/y,0,0,20000,20000,20000,20000,0,0,0
PV_GND,North,2020,MaxCapacityAddition,PJ/y,0,0,71586.72,71586.72,71586.72,71586.72,0,0,0
PV_RFT,North,2020,MaxCapacityAddition,PJ/y,0,0,20000,20000,20000,20000,0,0,0
NUCL,North,2020,MaxCapacityAddition,PJ/y,0,0,20000,20000,20000,20000,0,0,0
BIO,Northeast,2020,MaxCapacityAddition,PJ/y,0,0,20000,20000,20000,20000,0,0,0
BIO_CCS,Northeast,2020,MaxCapacityAddition,PJ/y,0,0,20000,20000,20000,20000,0,0,0
COAL,Northeast,2020,MaxCapacityAddition,PJ/y,0,0,83255.04,83255.04,83255.04,83255.04,0,0,0
COAL_CCS,Northeast,2020,MaxCapacityAddition,PJ/y,0,0,20000,20000,20000,20000,0,0,0
GAS_GT,Northeast,2020,MaxCapacityAddition,PJ/y,0,0,905650.848,905650.848,905650.848,905650.848,0,0,0
GAS_CC,Northeast,2020,MaxCapacityAddition,PJ/y,0,0,20000,20000,20000,20000,0,0,0
GAS_CC_CCS,Northeast,2020,MaxCapacityAddition,PJ/y,0,0,20000,20000,20000,20000,0,0,0
OIL,Northeast,2020,MaxCapacityAddition,PJ/y,0,0,14128.128,14128.128,14128.128,14128.128,0,0,0
GEOTH,Northeast,2020,MaxCapacityAddition,PJ/y,0,0,20000,20000,20000,20000,0,0,0
HYD,Northeast,2020,MaxCapacityAddition,PJ/y,0,0,7442.496,7442.496,7442.496,7442.496,0,0,0
WIND_ON,Northeast,2020,MaxCapacityAddition,PJ/y,0,0,159067.584,159067.584,159067.584,159067.584,0,0,0
WIND_OFF,Northeast,2020,MaxCapacityAddition,PJ/y,0,0,20000,20000,20000,20000,0,0,0
PV_GND,Northeast,2020,MaxCapacityAddition,PJ/y,0,0,29265.408,29265.408,29265.408,29265.408,0,0,0
PV_RFT,Northeast,2020,MaxCapacityAddition,PJ/y,0,0,20000,20000,20000,20000,0,0,0
NUCL,Northeast,2020,MaxCapacityAddition,PJ/y,0,0,20000,20000,20000,20000,0,0,0
BIO,BajaCalif,2020,MaxCapacityAddition,PJ/y,0,0,0,0,0,0,20000,20000,0
BIO_CCS,BajaCalif,2020,MaxCapacityAddition,PJ/y,0,0,0,0,0,0,20000,20000,0
COAL,BajaCalif,2020,MaxCapacityAddition,PJ/y,0,0,0,0,0,0,20000,20000,0
COAL_CCS,BajaCalif,2020,MaxCapacityAddition,PJ/y,0,0,0,0,0,0,20000,20000,0
GAS_GT,BajaCalif,2020,MaxCapacityAddition,PJ/y,0,0,0,0,0,0,141848.928,141848.928,0
GAS_CC,BajaCalif,2020,MaxCapacityAddition,PJ/y,0,0,0,0,0,0,20000,20000,0
GAS_CC_CCS,BajaCalif,2020,MaxCapacityAddition,PJ/y,0,0,0,0,0,0,20000,20000,0
OIL,BajaCalif,2020,MaxCapacityAddition,PJ/y,0,0,0,0,0,0,20000,20000,0
GEOTH,BajaCalif,2020,MaxCapacityAddition,PJ/y,0,0,0,0,0,0,34058.88,34058.88,0
HYD,BajaCalif,2020,MaxCapacityAddition,PJ/y,0,0,0,0,0,0,20000,20000,0
WIND_ON,BajaCalif,2020,MaxCapacityAddition,PJ/y,0,0,0,0,0,0,20000,20000,0
WIND_OFF,BajaCalif,2020,MaxCapacityAddition,PJ/y,0,0,0,0,0,0,20000,20000,0
PV_GND,BajaCalif,2020,MaxCapacityAddition,PJ/y,0,0,0,0,0,0,20000,20000,0
PV_RFT,BajaCalif,2020,MaxCapacityAddition,PJ/y,0,0,0,0,0,0,20000,20000,0
NUCL,BajaCalif,2020,MaxCapacityAddition,PJ/y,0,0,0,0,0,0,20000,20000,0
BIO,BajaCalifSouth,2020,MaxCapacityAddition,PJ/y,0,0,0,0,0,0,20000,20000,0
BIO_CCS,BajaCalifSouth,2020,MaxCapacityAddition,PJ/y,0,0,0,0,0,0,20000,20000,0
COAL,BajaCalifSouth,2020,MaxCapacityAddition,PJ/y,0,0,0,0,0,0,20000,20000,0
COAL_CCS,BajaCalifSouth,2020,MaxCapacityAddition,PJ/y,0,0,0,0,0,0,20000,20000,0
GAS_GT,BajaCalifSouth,2020,MaxCapacityAddition,PJ/y,0,0,0,0,0,0,7127.136,7127.136,0
GAS_CC,BajaCalifSouth,2020,MaxCapacityAddition,PJ/y,0,0,0,0,0,0,20000,20000,0
GAS_CC_CCS,BajaCalifSouth,2020,MaxCapacityAddition,PJ/y,0,0,0,0,0,0,20000,20000,0
OIL,BajaCalifSouth,2020,MaxCapacityAddition,PJ/y,0,0,0,0,0,0,29959.2,29959.2,0
GEOTH,BajaCalifSouth,2020,MaxCapacityAddition,PJ/y,0,0,0,0,0,0,20000,20000,0
HYD,BajaCalifSouth,2020,MaxCapacityAddition,PJ/y,0,0,0,0,0,0,20000,20000,0
WIND_ON,BajaCalifSouth,2020,MaxCapacityAddition,PJ/y,0,0,0,0,0,0,3153.6,3153.6,0
WIND_OFF,BajaCalifSouth,2020,MaxCapacityAddition,PJ/y,0,0,0,0,0,0,20000,20000,0
PV_GND,BajaCalifSouth,2020,MaxCapacityAddition,PJ/y,0,0,0,0,0,0,5234.976,5234.976,0
PV_RFT,BajaCalifSouth,2020,MaxCapacityAddition,PJ/y,0,0,0,0,0,0,20000,20000,0
NUCL,BajaCalifSouth,2020,MaxCapacityAddition,PJ/y,0,0,0,0,0,0,20000,20000,0
BIO,Peninsular,2020,MaxCapacityAddition,PJ/y,0,20000,0,0,0,0,0,0,20000
BIO_CCS,Peninsular,2020,MaxCapacityAddition,PJ/y,0,20000,0,0,0,0,0,0,20000
COAL,Peninsular,2020,MaxCapacityAddition,PJ/y,0,20000,0,0,0,0,0,0,20000
COAL_CCS,Peninsular,2020,MaxCapacityAddition,PJ/y,0,20000,0,0,0,0,0,0,20000
GAS_GT,Peninsular,2020,MaxCapacityAddition,PJ/y,0,111574.368,0,0,0,0,0,0,111574.368
GAS_CC,Peninsular,2020,MaxCapacityAddition,PJ/y,0,20000,0,0,0,0,0,0,20000
GAS_CC_CCS,Peninsular,2020,MaxCapacityAddition,PJ/y,0,20000,0,0,0,0,0,0,20000
OIL,Peninsular,2020,MaxCapacityAddition,PJ/y,0,20000,0,0,0,0,0,0,20000
GEOTH,Peninsular,2020,MaxCapacityAddition,PJ/y,0,20000,0,0,0,0,0,0,20000
HYD,Peninsular,2020,MaxCapacityAddition,PJ/y,0,20000,0,0,0,0,0,0,20000
WIND_ON,Peninsular,2020,MaxCapacityAddition,PJ/y,0,16146.432,0,0,0,0,0,0,16146.432
WIND_OFF,Peninsular,2020,MaxCapacityAddition,PJ/y,0,20000,0,0,0,0,0,0,20000
PV_GND,Peninsular,2020,MaxCapacityAddition,PJ/y,0,43898.112,0,0,0,0,0,0,43898.112
PV_RFT,Peninsular,2020,MaxCapacityAddition,PJ/y,0,20000,0,0,0,0,0,0,20000
NUCL,Peninsular,2020,MaxCapacityAddition,PJ/y,0,20000,0,0,0,0,0,0,20000
BIO,Central,2020,MaxCapacityGrowth,PJ/y,5,5,5,0,0,0,0,0,0
BIO_CCS,Central,2020,MaxCapacityGrowth,PJ/y,5,5,5,0,0,0,0,0,0
COAL,Central,2020,MaxCapacityGrowth,PJ/y,5,5,5,0,0,0,0,0,0
COAL_CCS,Central,2020,MaxCapacityGrowth,PJ/y,5,5,5,0,0,0,0,0,0
GAS_GT,Central,2020,MaxCapacityGrowth,PJ/y,5,5,5,0,0,0,0,0,0
GAS_CC,Central,2020,MaxCapacityGrowth,PJ/y,5,5,5,0,0,0,0,0,0
GAS_CC_CCS,Central,2020,MaxCapacityGrowth,PJ/y,5,5,5,0,0,0,0,0,0
OIL,Central,2020,MaxCapacityGrowth,PJ/y,5,5,5,0,0,0,0,0,0
GEOTH,Central,2020,MaxCapacityGrowth,PJ/y,5,5,5,0,0,0,0,0,0
HYD,Central,2020,MaxCapacityGrowth,PJ/y,5,5,5,0,0,0,0,0,0
WIND_ON,Central,2020,MaxCapacityGrowth,PJ/y,5,5,5,0,0,0,0,0,0
WIND_OFF,Central,2020,MaxCapacityGrowth,PJ/y,5,5,5,0,0,0,0,0,0
PV_GND,Central,2020,MaxCapacityGrowth,PJ/y,5,5,5,0,0,0,0,0,0
PV_RFT,Central,2020,MaxCapacityGrowth,PJ/y,5,5,5,0,0,0,0,0,0
NUCL,Central,2020,MaxCapacityGrowth,PJ/y,5,5,5,0,0,0,0,0,0
BIO,Eastern,2020,MaxCapacityGrowth,PJ/y,5,5,5,0,0,0,0,0,0
BIO_CCS,Eastern,2020,MaxCapacityGrowth,PJ/y,5,5,5,0,0,0,0,0,0
COAL,Eastern,2020,MaxCapacityGrowth,PJ/y,5,5,5,0,0,0,0,0,0
COAL_CCS,Eastern,2020,MaxCapacityGrowth,PJ/y,5,5,5,0,0,0,0,0,0
GAS_GT,Eastern,2020,MaxCapacityGrowth,PJ/y,5,5,5,0,0,0,0,0,0
GAS_CC,Eastern,2020,MaxCapacityGrowth,PJ/y,5,5,5,0,0,0,0,0,0
GAS_CC_CCS,Eastern,2020,MaxCapacityGrowth,PJ/y,5,5,5,0,0,0,0,0,0
OIL,Eastern,2020,MaxCapacityGrowth,PJ/y,5,5,5,0,0,0,0,0,0
GEOTH,Eastern,2020,MaxCapacityGrowth,PJ/y,5,5,5,0,0,0,0,0,0
HYD,Eastern,2020,MaxCapacityGrowth,PJ/y,5,5,5,0,0,0,0,0,0
WIND_ON,Eastern,2020,MaxCapacityGrowth,PJ/y,5,5,5,0,0,0,0,0,0
WIND_OFF,Eastern,2020,MaxCapacityGrowth,PJ/y,5,5,5,0,0,0,0,0,0
PV_GND,Eastern,2020,MaxCapacityGrowth,PJ/y,5,5,5,0,0,0,0,0,0
PV_RFT,Eastern,2020,MaxCapacityGrowth,PJ/y,5,5,5,0,0,0,0,0,0
NUCL,Eastern,2020,MaxCapacityGrowth,PJ/y,5,5,5,0,0,0,0,0,0
BIO,Western,2020,MaxCapacityGrowth,PJ/y,5,5,5,5,5,0,0,0,0
BIO_CCS,Western,2020,MaxCapacityGrowth,PJ/y,5,5,5,5,5,0,0,0,0
COAL,Western,2020,MaxCapacityGrowth,PJ/y,5,5,5,5,5,0,0,0,0
COAL_CCS,Western,2020,MaxCapacityGrowth,PJ/y,5,5,5,5,5,0,0,0,0
GAS_GT,Western,2020,MaxCapacityGrowth,PJ/y,5,5,5,5,5,0,0,0,0
GAS_CC,Western,2020,MaxCapacityGrowth,PJ/y,5,5,5,5,5,0,0,0,0
GAS_CC_CCS,Western,2020,MaxCapacityGrowth,PJ/y,5,5,5,5,5,0,0,0,0
OIL,Western,2020,MaxCapacityGrowth,PJ/y,5,5,5,5,5,0,0,0,0
GEOTH,Western,2020,MaxCapacityGrowth,PJ/y,5,5,5,5,5,0,0,0,0
HYD,Western,2020,MaxCapacityGrowth,PJ/y,5,5,5,5,5,0,0,0,0
WIND_ON,Western,2020,MaxCapacityGrowth,PJ/y,5,5,5,5,5,0,0,0,0
WIND_OFF,Western,2020,MaxCapacityGrowth,PJ/y,5,5,5,5,5,0,0,0,0
PV_GND,Western,2020,MaxCapacityGrowth,PJ/y,5,5,5,5,5,0,0,0,0
PV_RFT,Western,2020,MaxCapacityGrowth,PJ/y,5,5,5,5,5,0,0,0,0
NUCL,Western,2020,MaxCapacityGrowth,PJ/y,5,5,5,5,5,0,0,0,0
BIO,Northwest,2020,MaxCapacityGrowth,PJ/y,0,5,5,5,5,0,0,0,0
BIO_CCS,Northwest,2020,MaxCapacityGrowth,PJ/y,0,5,5,5,5,0,0,0,0
COAL,Northwest,2020,MaxCapacityGrowth,PJ/y,0,5,5,5,5,0,0,0,0
COAL_CCS,Northwest,2020,MaxCapacityGrowth,PJ/y,0,5,5,5,5,0,0,0,0
GAS_GT,Northwest,2020,MaxCapacityGrowth,PJ/y,0,5,5,5,5,0,0,0,0
GAS_CC,Northwest,2020,MaxCapacityGrowth,PJ/y,0,5,5,5,5,0,0,0,0
GAS_CC_CCS,Northwest,2020,MaxCapacityGrowth,PJ/y,0,5,5,5,5,0,0,0,0
OIL,Northwest,2020,MaxCapacityGrowth,PJ/y,0,5,5,5,5,0,0,0,0
GEOTH,Northwest,2020,MaxCapacityGrowth,PJ/y,0,5,5,5,5,0,0,0,0
HYD,Northwest,2020,MaxCapacityGrowth,PJ/y,0,5,5,5,5,0,0,0,0
WIND_ON,Northwest,2020,MaxCapacityGrowth,PJ/y,0,5,5,5,5,0,0,0,0
WIND_OFF,Northwest,2020,MaxCapacityGrowth,PJ/y,0,5,5,5,5,0,0,0,0
PV_GND,Northwest,2020,MaxCapacityGrowth,PJ/y,0,5,5,5,5,0,0,0,0
PV_RFT,Northwest,2020,MaxCapacityGrowth,PJ/y,0,5,5,5,5,0,0,0,0
NUCL,Northwest,2020,MaxCapacityGrowth,PJ/y,0,5,5,5,5,0,0,0,0
BIO,North,2020,MaxCapacityGrowth,PJ/y,0,0,5,5,5,5,0,0,0
BIO_CCS,North,2020,MaxCapacityGrowth,PJ/y,0,0,5,5,5,5,0,0,0
COAL,North,2020,MaxCapacityGrowth,PJ/y,0,0,5,5,5,5,0,0,0
COAL_CCS,North,2020,MaxCapacityGrowth,PJ/y,0,0,5,5,5,5,0,0,0
GAS_GT,North,2020,MaxCapacityGrowth,PJ/y,0,0,5,5,5,5,0,0,0
GAS_CC,North,2020,MaxCapacityGrowth,PJ/y,0,0,5,5,5,5,0,0,0
GAS_CC_CCS,North,2020,MaxCapacityGrowth,PJ/y,0,0,5,5,5,5,0,0,0
OIL,North,2020,MaxCapacityGrowth,PJ/y,0,0,5,5,5,5,0,0,0
GEOTH,North,2020,MaxCapacityGrowth,PJ/y,0,0,5,5,5,5,0,0,0
HYD,North,2020,MaxCapacityGrowth,PJ/y,0,0,5,5,5,5,0,0,0
WIND_ON,North,2020,MaxCapacityGrowth,PJ/y,0,0,5,5,5,5,0,0,0
WIND_OFF,North,2020,MaxCapacityGrowth,PJ/y,0,0,5,5,5,5,0,0,0
PV_GND,North,2020,MaxCapacityGrowth,PJ/y,0,0,5,5,5,5,0,0,0
PV_RFT,North,2020,MaxCapacityGrowth,PJ/y,0,0,5,5,5,5,0,0,0
NUCL,North,2020,MaxCapacityGrowth,PJ/y,0,0,5,5,5,5,0,0,0
BIO,Northeast,2020,MaxCapacityGrowth,PJ/y,0,0,5,5,5,5,0,0,0
BIO_CCS,Northeast,2020,MaxCapacityGrowth,PJ/y,0,0,5,5,5,5,0,0,0
COAL,Northeast,2020,MaxCapacityGrowth,PJ/y,0,0,5,5,5,5,0,0,0
COAL_CCS,Northeast,2020,MaxCapacityGrowth,PJ/y,0,0,5,5,5,5,0,0,0
GAS_GT,Northeast,2020,MaxCapacityGrowth,PJ/y,0,0,5,5,5,5,0,0,0
GAS_CC,Northeast,2020,MaxCapacityGrowth,PJ/y,0,0,5,5,5,5,0,0,0
GAS_CC_CCS,Northeast,2020,MaxCapacityGrowth,PJ/y,0,0,5,5,5,5,0,0,0
OIL,Northeast,2020,MaxCapacityGrowth,PJ/y,0,0,5,5,5,5,0,0,0
GEOTH,Northeast,2020,MaxCapacityGrowth,PJ/y,0,0,5,5,5,5,0,0,0
HYD,Northeast,2020,MaxCapacityGrowth,PJ/y,0,0,5,5,5,5,0,0,0
WIND_ON,Northeast,2020,MaxCapacityGrowth,PJ/y,0,0,5,5,5,5,0,0,0
WIND_OFF,Northeast,2020,MaxCapacityGrowth,PJ/y,0,0,5,5,5,5,0,0,0
PV_GND,Northeast,2020,MaxCapacityGrowth,PJ/y,0,0,5,5,5,5,0,0,0
PV_RFT,Northeast,2020,MaxCapacityGrowth,PJ/y,0,0,5,5,5,5,0,0,0
NUCL,Northeast,2020,MaxCapacityGrowth,PJ/y,0,0,5,5,5,5,0,0,0
BIO,BajaCalif,2020,MaxCapacityGrowth,PJ/y,0,0,0,0,0,0,5,5,0
BIO_CCS,BajaCalif,2020,MaxCapacityGrowth,PJ/y,0,0,0,0,0,0,5,5,0
COAL,BajaCalif,2020,MaxCapacityGrowth,PJ/y,0,0,0,0,0,0,5,5,0
COAL_CCS,BajaCalif,2020,MaxCapacityGrowth,PJ/y,0,0,0,0,0,0,5,5,0
GAS_GT,BajaCalif,2020,MaxCapacityGrowth,PJ/y,0,0,0,0,0,0,5,5,0
GAS_CC,BajaCalif,2020,MaxCapacityGrowth,PJ/y,0,0,0,0,0,0,5,5,0
GAS_CC_CCS,BajaCalif,2020,MaxCapacityGrowth,PJ/y,0,0,0,0,0,0,5,5,0
OIL,BajaCalif,2020,MaxCapacityGrowth,PJ/y,0,0,0,0,0,0,5,5,0
GEOTH,BajaCalif,2020,MaxCapacityGrowth,PJ/y,0,0,0,0,0,0,5,5,0
HYD,BajaCalif,2020,MaxCapacityGrowth,PJ/y,0,0,0,0,0,0,5,5,0
WIND_ON,BajaCalif,2020,MaxCapacityGrowth,PJ/y,0,0,0,0,0,0,5,5,0
WIND_OFF,BajaCalif,2020,MaxCapacityGrowth,PJ/y,0,0,0,0,0,0,5,5,0
PV_GND,BajaCalif,2020,MaxCapacityGrowth,PJ/y,0,0,0,0,0,0,5,5,0
PV_RFT,BajaCalif,2020,MaxCapacityGrowth,PJ/y,0,0,0,0,0,0,5,5,0
NUCL,BajaCalif,2020,MaxCapacityGrowth,PJ/y,0,0,0,0,0,0,5,5,0
BIO,BajaCalifSouth,2020,MaxCapacityGrowth,PJ/y,0,0,0,0,0,0,5,5,0
BIO_CCS,BajaCalifSouth,2020,MaxCapacityGrowth,PJ/y,0,0,0,0,0,0,5,5,0
COAL,BajaCalifSouth,2020,MaxCapacityGrowth,PJ/y,0,0,0,0,0,0,5,5,0
COAL_CCS,BajaCalifSouth,2020,MaxCapacityGrowth,PJ/y,0,0,0,0,0,0,5,5,0
GAS_GT,BajaCalifSouth,2020,MaxCapacityGrowth,PJ/y,0,0,0,0,0,0,5,5,0
GAS_CC,BajaCalifSouth,2020,MaxCapacityGrowth,PJ/y,0,0,0,0,0,0,5,5,0
GAS_CC_CCS,BajaCalifSouth,2020,MaxCapacityGrowth,PJ/y,0,0,0,0,0,0,5,5,0
OIL,BajaCalifSouth,2020,MaxCapacityGrowth,PJ/y,0,0,0,0,0,0,5,5,0
GEOTH,BajaCalifSouth,2020,MaxCapacityGrowth,PJ/y,0,0,0,0,0,0,5,5,0
HYD,BajaCalifSouth,2020,MaxCapacityGrowth,PJ/y,0,0,0,0,0,0,5,5,0
WIND_ON,BajaCalifSouth,2020,MaxCapacityGrowth,PJ/y,0,0,0,0,0,0,5,5,0
WIND_OFF,BajaCalifSouth,2020,MaxCapacityGrowth,PJ/y,0,0,0,0,0,0,5,5,0
PV_GND,BajaCalifSouth,2020,MaxCapacityGrowth,PJ/y,0,0,0,0,0,0,5,5,0
PV_RFT,BajaCalifSouth,2020,MaxCapacityGrowth,PJ/y,0,0,0,0,0,0,5,5,0
NUCL,BajaCalifSouth,2020,MaxCapacityGrowth,PJ/y,0,0,0,0,0,0,5,5,0
BIO,Peninsular,2020,MaxCapacityGrowth,PJ/y,0,5,0,0,0,0,0,0,5
BIO_CCS,Peninsular,2020,MaxCapacityGrowth,PJ/y,0,5,0,0,0,0,0,0,5
COAL,Peninsular,2020,MaxCapacityGrowth,PJ/y,0,5,0,0,0,0,0,0,5
COAL_CCS,Peninsular,2020,MaxCapacityGrowth,PJ/y,0,5,0,0,0,0,0,0,5
GAS_GT,Peninsular,2020,MaxCapacityGrowth,PJ/y,0,5,0,0,0,0,0,0,5
GAS_CC,Peninsular,2020,MaxCapacityGrowth,PJ/y,0,5,0,0,0,0,0,0,5
GAS_CC_CCS,Peninsular,2020,MaxCapacityGrowth,PJ/y,0,5,0,0,0,0,0,0,5
OIL,Peninsular,2020,MaxCapacityGrowth,PJ/y,0,5,0,0,0,0,0,0,5
GEOTH,Peninsular,2020,MaxCapacityGrowth,PJ/y,0,5,0,0,0,0,0,0,5
HYD,Peninsular,2020,MaxCapacityGrowth,PJ/y,0,5,0,0,0,0,0,0,5
WIND_ON,Peninsular,2020,MaxCapacityGrowth,PJ/y,0,5,0,0,0,0,0,0,5
WIND_OFF,Peninsular,2020,MaxCapacityGrowth,PJ/y,0,5,0,0,0,0,0,0,5
PV_GND,Peninsular,2020,MaxCapacityGrowth,PJ/y,0,5,0,0,0,0,0,0,5
PV_RFT,Peninsular,2020,MaxCapacityGrowth,PJ/y,0,5,0,0,0,0,0,0,5
NUCL,Peninsular,2020,MaxCapacityGrowth,PJ/y,0,5,0,0,0,0,0,0,5
BIO,Central,2020,TotalCapacityLimit,PJ/y,100000,100000,100000,0,0,0,0,0,0
BIO_CCS,Central,2020,TotalCapacityLimit,PJ/y,100000,100000,100000,0,0,0,0,0,0
COAL,Central,2020,TotalCapacityLimit,PJ/y,100000,100000,100000,0,0,0,0,0,0
COAL_CCS,Central,2020,TotalCapacityLimit,PJ/y,100000,100000,100000,0,0,0,0,0,0
GAS_GT,Central,2020,TotalCapacityLimit,PJ/y,1317258.72,1317258.72,1317258.72,0,0,0,0,0,0
GAS_CC,Central,2020,TotalCapacityLimit,PJ/y,100000,100000,100000,0,0,0,0,0,0
GAS_CC_CCS,Central,2020,TotalCapacityLimit,PJ/y,100000,100000,100000,0,0,0,0,0,0
OIL,Central,2020,TotalCapacityLimit,PJ/y,43519.68,43519.68,43519.68,0,0,0,0,0,0
GEOTH,Central,2020,TotalCapacityLimit,PJ/y,100000,100000,100000,0,0,0,0,0,0
HYD,Central,2020,TotalCapacityLimit,PJ/y,25544.16,25544.16,25544.16,0,0,0,0,0,0
WIND_ON,Central,2020,TotalCapacityLimit,PJ/y,100000,100000,100000,0,0,0,0,0,0
WIND_OFF,Central,2020,TotalCapacityLimit,PJ/y,100000,100000,100000,0,0,0,0,0,0
PV_GND,Central,2020,TotalCapacityLimit,PJ/y,100000,100000,100000,0,0,0,0,0,0
PV_RFT,Central,2020,TotalCapacityLimit,PJ/y,100000,100000,100000,0,0,0,0,0,0
NUCL,Central,2020,TotalCapacityLimit,PJ/y,100000,100000,100000,0,0,0,0,0,0
BIO,Eastern,2020,TotalCapacityLimit,PJ/y,52034.4,52034.4,52034.4,0,0,0,0,0,0
BIO_CCS,Eastern,2020,TotalCapacityLimit,PJ/y,100000,100000,100000,0,0,0,0,0,0
COAL,Eastern,2020,TotalCapacityLimit,PJ/y,100000,100000,100000,0,0,0,0,0,0
COAL_CCS,Eastern,2020,TotalCapacityLimit,PJ/y,100000,100000,100000,0,0,0,0,0,0
GAS_GT,Eastern,2020,TotalCapacityLimit,PJ/y,1784622.24,1784622.24,1784622.24,0,0,0,0,0,0
GAS_CC,Eastern,2020,TotalCapacityLimit,PJ/y,100000,100000,100000,0,0,0,0,0,0
GAS_CC_CCS,Eastern,2020,TotalCapacityLimit,PJ/y,100000,100000,100000,0,0,0,0,0,0
OIL,Eastern,2020,TotalCapacityLimit,PJ/y,92085.12,92085.12,92085.12,0,0,0,0,0,0
GEOTH,Eastern,2020,TotalCapacityLimit,PJ/y,100000,100000,100000,0,0,0,0,0,0
HYD,Eastern,2020,TotalCapacityLimit,PJ/y,2110073.76,2110073.76,2110073.76,0,0,0,0,0,0
WIND_ON,Eastern,2020,TotalCapacityLimit,PJ/y,872916.48,872916.48,872916.48,0,0,0,0,0,0
WIND_OFF,Eastern,2020,TotalCapacityLimit,PJ/y,100000,100000,100000,0,0,0,0,0,0
PV_GND,Eastern,2020,TotalCapacityLimit,PJ/y,100000,100000,100000,0,0,0,0,0,0
PV_RFT,Eastern,2020,TotalCapacityLimit,PJ/y,100000,100000,100000,0,0,0,0,0,0
NUCL,Eastern,2020,TotalCapacityLimit,PJ/y,510883.2,510883.2,510883.2,0,0,0,0,0,0
BIO,Western,2020,TotalCapacityLimit,PJ/y,12614.4,12614.4,12614.4,52034.4,52034.4,0,0,0,0
BIO_CCS,Western,2020,TotalCapacityLimit,PJ/y,100000,100000,100000,100000,100000,0,0,0,0
COAL,Western,2020,TotalCapacityLimit,PJ/y,1056456,1056456,1056456,100000,100000,0,0,0,0
COAL_CCS,Western,2020,TotalCapacityLimit,PJ/y,100000,100000,100000,100000,100000,0,0,0,0
GAS_GT,Western,2020,TotalCapacityLimit,PJ/y,2133410.4,2133410.4,2133410.4,1784622.24,1784622.24,0,0,0,0
GAS_CC,Western,2020,TotalCapacityLimit,PJ/y,100000,100000,100000,100000,100000,0,0,0,0
GAS_CC_CCS,Western,2020,TotalCapacityLimit,PJ/y,100000,100000,100000,100000,100000,0,0,0,0
OIL,Western,2020,TotalCapacityLimit,PJ/y,260487.36,260487.36,260487.36,92085.12,92085.12,0,0,0,0
GEOTH,Western,2020,TotalCapacityLimit,PJ/y,99338.4,99338.4,99338.4,100000,100000,0,0,0,0
HYD,Western,2020,TotalCapacityLimit,PJ/y,1549363.68,1549363.68,1549363.68,2110073.76,2110073.76,0,0,0,0
WIND_ON,Western,2020,TotalCapacityLimit,PJ/y,324820.8,324820.8,324820.8,872916.48,872916.48,0,0,0,0
WIND_OFF,Western,2020,TotalCapacityLimit,PJ/y,100000,100000,100000,100000,100000,0,0,0,0
PV_GND,Western,2020,TotalCapacityLimit,PJ/y,242827.2,242827.2,242827.2,100000,100000,0,0,0,0
PV_RFT,Western,2020,TotalCapacityLimit,PJ/y,100000,100000,100000,100000,100000,0,0,0,0
NUCL,Western,2020,TotalCapacityLimit,PJ/y,100000,100000,100000,510883.2,510883.2,0,0,0,0
BIO,Northwest,2020,TotalCapacityLimit,PJ/y,0,100000,100000,100000,100000,0,0,0,0
BIO_CCS,Northwest,2020,TotalCapacityLimit,PJ/y,0,100000,100000,100000,100000,0,0,0,0
COAL,Northwest,2020,TotalCapacityLimit,PJ/y,0,100000,100000,100000,100000,0,0,0,0
COAL_CCS,Northwest,2020,TotalCapacityLimit,PJ/y,0,100000,100000,100000,100000,0,0,0,0
GAS_GT,Northwest,2020,TotalCapacityLimit,PJ/y,0,1841387.04,1841387.04,1841387.04,1841387.04,0,0,0,0
GAS_CC,Northwest,2020,TotalCapacityLimit,PJ/y,0,100000,100000,100000,100000,0,0,0,0
GAS_CC_CCS,Northwest,2020,TotalCapacityLimit,PJ/y,0,100000,100000,100000,100000,0,0,0,0
OIL,Northwest,2020,TotalCapacityLimit,PJ/y,0,17660.16,17660.16,17660.16,17660.16,0,0,0,0
GEOTH,Northwest,2020,TotalCapacityLimit,PJ/y,0,100000,100000,100000,100000,0,0,0,0
HYD,Northwest,2020,TotalCapacityLimit,PJ/y,0,302745.6,302745.6,302745.6,302745.6,0,0,0,0
WIND_ON,Northwest,2020,TotalCapacityLimit,PJ/y,0,100000,100000,100000,100000,0,0,0,0
WIND_OFF,Northwest,2020,TotalCapacityLimit,PJ/y,0,100000,100000,100000,100000,0,0,0,0
PV_GND,Northwest,2020,TotalCapacityLimit,PJ/y,0,143804.16,143804.16,143804.16,143804.16,0,0,0,0
PV_RFT,Northwest,2020,TotalCapacityLimit,PJ/y,0,100000,100000,100000,100000,0,0,0,0
NUCL,Northwest,2020,TotalCapacityLimit,PJ/y,0,100000,100000,100000,100000,0,0,0,0
BIO,North,2020,TotalCapacityLimit,PJ/y,0,0,100000,100000,100000,100000,0,0,0
BIO_CCS,North,2020,TotalCapacityLimit,PJ/y,0,0,100000,100000,100000,100000,0,0,0
COAL,North,2020,TotalCapacityLimit,PJ/y,0,0,100000,100000,100000,100000,0,0,0
COAL_CCS,North,2020,TotalCapacityLimit,PJ/y,0,0,100000,100000,100000,100000,0,0,0
GAS_GT,North,2020,TotalCapacityLimit,PJ/y,0,0,1379384.64,1379384.64,1379384.64,1379384.64,0,0,0
GAS_CC,North,2020,TotalCapacityLimit,PJ/y,0,0,100000,100000,100000,100000,0,0,0
GAS_CC_CCS,North,2020,TotalCapacityLimit,PJ/y,0,0,100000,100000,100000,100000,0,0,0
OIL,North,2020,TotalCapacityLimit,PJ/y,0,0,36266.4,36266.4,36266.4,36266.4,0,0,0
GEOTH,North,2020,TotalCapacityLimit,PJ/y,0,0,100000,100000,100000,100000,0,0,0
HYD,North,2020,TotalCapacityLimit,PJ/y,0,0,100000,100000,100000,100000,0,0,0
WIND_ON,North,2020,TotalCapacityLimit,PJ/y,0,0,100000,100000,100000,100000,0,0,0
WIND_OFF,North,2020,TotalCapacityLimit,PJ/y,0,0,100000,100000,100000,100000,0,0,0
PV_GND,North,2020,TotalCapacityLimit,PJ/y,0,0,357933.6,357933.6,357933.6,357933.6,0,0,0
PV_RFT,North,2020,TotalCapacityLimit,PJ/y,0,0,100000,100000,100000,100000,0,0,0
NUCL,North,2020,TotalCapacityLimit,PJ/y,0,0,100000,100000,100000,100000,0,0,0
BIO,Northeast,2020,TotalCapacityLimit,PJ/y,0,0,100000,100000,100000,100000,0,0,0
BIO_CCS,Northeast,2020,TotalCapacityLimit,PJ/y,0,0,100000,100000,100000,100000,0,0,0
COAL,Northeast,2020,TotalCapacityLimit,PJ/y,0,0,416275.2,416275.2,416275.2,416275.2,0,0,0
COAL_CCS,Northeast,2020,TotalCapacityLimit,PJ/y,0,0,100000,100000,100000,100000,0,0,0
GAS_GT,Northeast,2020,TotalCapacityLimit,PJ/y,0,0,4528254.24,4528254.24,4528254.24,4528254.24,0,0,0
GAS_CC,Northeast,2020,TotalCapacityLimit,PJ/y,0,0,100000,100000,100000,100000,0,0,0
GAS_CC_CCS,Northeast,2020,TotalCapacityLimit,PJ/y,0,0,100000,100000,100000,100000,0,0,0
OIL,Northeast,2020,TotalCapacityLimit,PJ/y,0,0,70640.64,70640.64,70640.64,70640.64,0,0,0
GEOTH,Northeast,2020,TotalCapacityLimit,PJ/y,0,0,100000,100000,100000,100000,0,0,0
HYD,Northeast,2020,TotalCapacityLimit,PJ/y,0,0,37212.48,37212.48,37212.48,37212.48,0,0,0
WIND_ON,Northeast,2020,TotalCapacityLimit,PJ/y,0,0,795337.92,795337.92,795337.92,795337.92,0,0,0
WIND_OFF,Northeast,2020,TotalCapacityLimit,PJ/y,0,0,100000,100000,100000,100000,0,0,0
PV_GND,Northeast,2020,TotalCapacityLimit,PJ/y,0,0,146327.04,146327.04,146327.04,146327.04,0,0,0
PV_RFT,Northeast,2020,TotalCapacityLimit,PJ/y,0,0,100000,100000,100000,100000,0,0,0
NUCL,Northeast,2020,TotalCapacityLimit,PJ/y,0,0,100000,100000,100000,100000,0,0,0
BIO,BajaCalif,2020,TotalCapacityLimit,PJ/y,0,0,0,0,0,0,100000,100000,0
BIO_CCS,BajaCalif,2020,TotalCapacityLimit,PJ/y,0,0,0,0,0,0,100000,100000,0
COAL,BajaCalif,2020,TotalCapacityLimit,PJ/y,0,0,0,0,0,0,100000,100000,0
COAL_CCS,BajaCalif,2020,TotalCapacityLimit,PJ/y,0,0,0,0,0,0,100000,100000,0
GAS_GT,BajaCalif,2020,TotalCapacityLimit,PJ/y,0,0,0,0,0,0,709244.64,709244.64,0
GAS_CC,BajaCalif,2020,TotalCapacityLimit,PJ/y,0,0,0,0,0,0,100000,100000,0
GAS_CC_CCS,BajaCalif,2020,TotalCapacityLimit,PJ/y,0,0,0,0,0,0,100000,100000,0
OIL,BajaCalif,2020,TotalCapacityLimit,PJ/y,0,0,0,0,0,0,100000,100000,0
GEOTH,BajaCalif,2020,TotalCapacityLimit,PJ/y,0,0,0,0,0,0,170294.4,170294.4,0
HYD,BajaCalif,2020,TotalCapacityLimit,PJ/y,0,0,0,0,0,0,100000,100000,0
WIND_ON,BajaCalif,2020,TotalCapacityLimit,PJ/y,0,0,0,0,0,0,100000,100000,0
WIND_OFF,BajaCalif,2020,TotalCapacityLimit,PJ/y,0,0,0,0,0,0,100000,100000,0
PV_GND,BajaCalif,2020,TotalCapacityLimit,PJ/y,0,0,0,0,0,0,100000,100000,0
PV_RFT,BajaCalif,2020,TotalCapacityLimit,PJ/y,0,0,0,0,0,0,100000,100000,0
NUCL,BajaCalif,2020,TotalCapacityLimit,PJ/y,0,0,0,0,0,0,100000,100000,0
BIO,BajaCalifSouth,2020,TotalCapacityLimit,PJ/y,0,0,0,0,0,0,100000,100000,0
BIO_CCS,BajaCalifSouth,2020,TotalCapacityLimit,PJ/y,0,0,0,0,0,0,100000,100000,0
COAL,BajaCalifSouth,2020,TotalCapacityLimit,PJ/y,0,0,0,0,0,0,100000,100000,0
COAL_CCS,BajaCalifSouth,2020,TotalCapacityLimit,PJ/y,0,0,0,0,0,0,100000,100000,0
GAS_GT,BajaCalifSouth,2020,TotalCapacityLimit,PJ/y,0,0,0,0,0,0,35635.68,35635.68,0
GAS_CC,BajaCalifSouth,2020,TotalCapacityLimit,PJ/y,0,0,0,0,0,0,100000,100000,0
GAS_CC_CCS,BajaCalifSouth,2020,TotalCapacityLimit,PJ/y,0,0,0,0,0,0,100000,100000,0
OIL,BajaCalifSouth,2020,TotalCapacityLimit,PJ/y,0,0,0,0,0,0,149796,149796,0
GEOTH,BajaCalifSouth,2020,TotalCapacityLimit,PJ/y,0,0,0,0,0,0,100000,100000,0
HYD,BajaCalifSouth,2020,TotalCapacityLimit,PJ/y,0,0,0,0,0,0,100000,100000,0
WIND_ON,BajaCalifSouth,2020,TotalCapacityLimit,PJ/y,0,0,0,0,0,0,15768,15768,0
WIND_OFF,BajaCalifSouth,2020,TotalCapacityLimit,PJ/y,0,0,0,0,0,0,100000,100000,0
PV_GND,BajaCalifSouth,2020,TotalCapacityLimit,PJ/y,0,0,0,0,0,0,26174.88,26174.88,0
PV_RFT,BajaCalifSouth,2020,TotalCapacityLimit,PJ/y,0,0,0,0,0,0,100000,100000,0
NUCL,BajaCalifSouth,2020,TotalCapacityLimit,PJ/y,0,0,0,0,0,0,100000,100000,0
BIO,Peninsular,2020,TotalCapacityLimit,PJ/y,0,100000,0,0,0,0,0,0,100000
BIO_CCS,Peninsular,2020,TotalCapacityLimit,PJ/y,0,100000,0,0,0,0,0,0,100000
COAL,Peninsular,2020,TotalCapacityLimit,PJ/y,0,100000,0,0,0,0,0,0,100000
COAL_CCS,Peninsular,2020,TotalCapacityLimit,PJ/y,0,100000,0,0,0,0,0,0,100000
GAS_GT,Peninsular,2020,TotalCapacityLimit,PJ/y,0,557871.84,0,0,0,0,0,0,557871.84
GAS_CC,Peninsular,2020,TotalCapacityLimit,PJ/y,0,100000,0,0,0,0,0,0,100000
GAS_CC_CCS,Peninsular,2020,TotalCapacityLimit,PJ/y,0,100000,0,0,0,0,0,0,100000
OIL,Peninsular,2020,TotalCapacityLimit,PJ/y,0,100000,0,0,0,0,0,0,100000
GEOTH,Peninsular,2020,TotalCapacityLimit,PJ/y,0,100000,0,0,0,0,0,0,100000
HYD,Peninsular,2020,TotalCapacityLimit,PJ/y,0,100000,0,0,0,0,0,0,100000
WIND_ON,Peninsular,2020,TotalCapacityLimit,PJ/y,0,80732.16,0,0,0,0,0,0,80732.16
WIND_OFF,Peninsular,2020,TotalCapacityLimit,PJ/y,0,100000,0,0,0,0,0,0,100000
PV_GND,Peninsular,2020,TotalCapacityLimit,PJ/y,0,219490.56,0,0,0,0,0,0,219490.56
PV_RFT,Peninsular,2020,TotalCapacityLimit,PJ/y,0,100000,0,0,0,0,0,0,100000
NUCL,Peninsular,2020,TotalCapacityLimit,PJ/y,0,100000,0,0,0,0,0,0,100000